kpid,"kwd","acc","acc_txt",acc_int
1,"He that spared not his own Son ","1","a00001",1
2,"God's mercy, On","2","a00002",2
3,"Use of time, On the","3","a00003",3
4,"Fornication and Uncleanness, On","4","a00004",4
5,"Neglecting small duties, On ","5","a00005",5
6,"St. Ignatius' Feast, On ","6","a00006",6
7,"Sermon On the Constitution and Order of the Christian Church, A ","10","a00010",10
8,"Humility and Prayer, On ","11","a00011",11
9,"Fear, & service of god, The ","13","a00013",13
10,"Scripture Doctrine of Regeneration, The ","35","a00035",35
11,"Death, On","38","a00038",38
12,"Death, On","39","a00039",39
13,"Virgin Mary, On the","40","a00040",40
14,"Evil, On","41","a00041",41
15,"Resurrection, On the","42","a00042",42
16,"Divine goodness, On","43","a00043",43
17,"Duty to God, On","44","a00044",44
18,"Annunciation, On the","45","a00045",45
19,"Assumption of our Lady, On ye","46","a00046",46
20,"All Souls' Day, On","47","a00047",47
21,"How to hear mass w[it]h devotion","48","a00048",48
22,"Sacrifice of Mass, Of ye","49","a00049",49
23,"Conforming our will to God, On","50","a00050",50
24,"Holy Spirit, On the","51","a00051",51
25,"Use of time, On the","52","a00052",52
26,"Patience of God, On the","53","a00053",53
27,"Necessity of good works, On the","54","a00054",54
28,"Feast of all Saints, The","55","a00055",55
29,"False prophets, On","56","a00056",56
30,"Torments of Hell, On the","57","a00057",57
31,"St. Francis Xavier, On","58","a00058",58
32,"Advent, On","59","a00059",59
33,"Passion of Christ, On the","60","a00060",60
34,"Feast of the Sacred Heart, On the","61","a00061",61
35,"Sanctity, On","62","a00062",62
36,"Dedication of a chapel to the Virgin Mary, On the","63","a00063",63
37,"Nativity, On the","64","a00064",64
38,"Resurrection, On the","65","a00065",65
39,"Pardoning our Enemies, On","66","a00066",66
40,"Revenge, On","67","a00067",67
41,"Spiritual benefits, On","68","a00068",68
42,"Giving scandal, On","69","a00069",69
43,"Advent, On","70","a00070",70
44,"Nativity, On the","71","a00071",71
45,"Apostles' Creed, On the","72","a00072",72
46,"Hail Mary, On the","73","a00073",73
47,"Assumption, On the","74","a00074",74
48,"Feast of St. Ignatius, On the","75","a00075",75
49,"Resurrection, On the","76","a00076",76
50,"Judgment, On","77","a00077",77
51,"Salvation, On","78","a00078",78
52,"Pride, On","79","a00079",79
53,"Ascension, On the","80","a00080",80
54,"Devotion to Saints and their relics, On","81","a00081",81
55,"Assumption, On the","82","a00082",82
56,"All Saints, On the feast of","83","a00083",83
57,"Penance, On","84","a00084",84
58,"Fasting, On","85","a00085",85
59,"Nativity, On the","86","a00086",86
60,"Nativity, On the","87","a00087",87
61,"Pain of loss, On ye","88","a00088",88
62,"Death, On","89","a00089",89
63,"Purgatory, On","90","a00090",90
64,"Death, On","91","a00091",91
65,"Pain of loss, On ye","92","a00092",92
66,"Epiphany, On the","93","a00093",93
67,"Nativity, On the","94","a00094",94
68,"Death, On Preparation for","95","a00095",95
69,"Feast of Corpus Christi, On the","96","a00096",96
70,"Suffering in this world, On","97","a00097",97
71,"Great Commandment, On the","98","a00098",98
72,"Worship in spirit and truth, On ","99","a00099",99
73,"Establishment of the Xn Church, On the","100","a00100",100
74,"Feast of St. Ignatius, On the","101","a00101",101
75,"Word of God, On the","102","a00102",102
76,"Avoidance of sin, On the","103","a00103",103
77,"Use of time, On the","104","a00104",104
78,"Afflictions, On","105","a00105",105
79,"Passion and Resurrection, On the","106","a00106",106
80,"Contempt of the world, On the","107","a00107",107
81,"Ambition, On","108","a00108",108
82,"Congregational discord, On","109","a00109",109
83,"Completion of a church, On","110","a00110",110
84,"Suspension of Andrew Nugent, On the","111","a00111",111
85,"Excommunication of John Causse, On the","112","a00112",112
86,"Holy Trinity Congregation, To","113","a00113",113
87,"Charity of Baltimore, The","114","a00114",114
88,"Taking possession of the Episc. see of Baltre Decr 1790","115","a00115",115
89,"Holy Orders: John, XV, 16","116","a00116",116
90,"Confirmation of faith, On the","117","a00117",117
91,"Decree on the death of Pius VI","118","a00118",118
92,"Neglecting daily graces, On","119","a00119",119
93,"Happiness of Heaven, On the","120","a00120",120
94,"Importance of Salvation, On the","121","a00121",121
95,"Honors due to religion, On the","122","a00122",122
96,"Venial sin, On","123","a00123",123
97,"Uncertainty of existence, On the","124","a00124",124
98,"Pentecost, On","125","a00125",125
99,"Infidelity","126","a00126",126
100,"Eucharist: The Old Law and the New","127","a00127",127
101,"Penance","128","a00128",128
102,"False Prophets","129","a00129",129
103,"Lent: The Parable of the Sower","130","a00130",130
104,"Faith","131","a00131",131
105,"Confirmation: II Corinthians I, 21","132","a00132",132
106,"Truth","133","a00133",133
107,"Holy Orders: Hebrews, V","134","a00134",134
108,"Commemoration of American Independence","135","a00135",135
109,"Homily on the concluding part of the 2d. ch. of S. Luke","136","a00136",136
110,"Penance, On","137","a00137",137
111,"Assumption of Mary, On the","138","a00138",138
112,"Remorse for sin, On","139","a00139",139
113,"Confirmation: Jude, V, 20","140","a00140",140
114,"Lent: Fasting","141","a00141",141
115,"False Prophets","142","a00142",142
116,"Appeal for School Funds, An","143","a00143",143
117,"Easter Duty","144","a00144",144
118,"Charity: The Neighbor","145","a00145",145
119,"Spirit of the World, The","146","a00146",146
120,"Holy Orders: Responsibilities","147","a00147",147
121,"Truth of religion, On the","148","a00148",148
122,"Gospel, On the","149","a00149",149
123,"Holy Catholic Church, On the","150","a00150",150
124,"Death: Fragments","151","a00151",151
125,"Repentance: Fragment","152","a00152",152
126,"Repentance--Fragment","153","a00153",153
127,"Confirmation: John, V","154","a00154",154
128,"Matrimony: John, II, 1-2","155","a00155",155
129,"Mercy towards children, On","156","a00156",156
130,"Penance","157","a00157",157
131,"Eucharist: Frequentation","158","a00158",158
132,"Infidelity","159","a00159",159
133,"Duties of Parents: Ephesians, VI, 4","160","a00160",160
134,"Last Judgment, The","161","a00161",161
135,"Eucharist: The Great Supper","162","a00162",162
136,"Charity: John the Apostle","163","a00163",163
137,"Pentecost","164","a00164",164
138,"Pentecost","165","a00165",165
139,"Jubilee Year","166","a00166",166
140,"Charity: Mark, VIII, 2","167","a00167",167
141,"Inferno, De ","168","a00168",168
142,"Swearing, On","169","a00169",169
143,"Peace of Jesus Christ, On the","170","a00170",170
144,"Grace, On","171","a00171",171
145,"Vanity, On","172","a00172",172
146,"Swearing, On","173","a00173",173
147,"Resurrection, On the","174","a00174",174
148,"Swearing, On","175","a00175",175
149,"Vanity, On","176","a00176",176
150,"Theft, On","177","a00177",177
151,"Frequent communion <i>after easter</i>, On","178","a00178",178
152,"Prayer, On","179","a00179",179
153,"Submission to ye will of god, On","180","a00180",180
154,"Feast of Corpus Christi, On the","181","a00181",181
155,"Resurrection, On the","182","a00182",182
156,"Affliction, On","183","a00183",183
157,"Sacrament of penance, On the","184","a00184",184
158,"Devotion to the blessed virgin, On the","185","a00185",185
159,"Judgment, On","186","a00186",186
160,"Infallibility, On","187","a00187",187
161,"Sudden death, On","188","a00188",188
162,"Ascension, On the","189","a00189",189
163,"Jubilee, On the approaching","190","a00190",190
164,"Grace, On","191","a00191",191
165,"Duty towards children, On","192","a00192",192
166,"Grace, On","193","a00193",193
167,"Ascension, On the","194","a00194",194
168,"Delusions of the world, On the","195","a00195",195
169,"Remorse, On","196","a00196",196
170,"Assumption, On the","197","a00197",197
171,"Preparation for Death, On","198","a00198",198
172,"Happiness, On","199","a00199",199
173,"Passion of Christ, On the","200","a00200",200
174,"Fasting, On","201","a00201",201
175,"Greed, On","202","a00202",202
176,"Repentance, On","203","a00203",203
177,"Feast of All Saints, On the","204","a00204",204
178,"Feast of Corpus Christi, On the","205","a00205",205
179,"Resurrection, On the","206","a00206",206
180,"Habitual Grace, On","207","a00207",207
181,"Eternity, On","208","a00208",208
182,"Communion, On","209","a00209",209
183,"Faith, On","210","a00210",210
184,"Salvation, On","211","a00211",211
185,"Pentecost, On","212","a00212",212
186,"Eternity, On","213","a00213",213
187,"Preparation for Death, On","214","a00214",214
188,"Ingratitude to God, On","216","a00216",216
189,"Marriage","217","a00217",217
190,"Detraction, On","218","a00218",218
191,"Justice, On","219","a00219",219
192,"Resurrection, On the","220","a00220",220
193,"Word of God, On the","221","a00221",221
194,"Ascension, On the","222","a00222",222
195,"Relapse, On","223","a00223",223
196,"Communion, On","224","a00224",224
197,"Nativity of Christ","225","a00225",225
198,"Judgment","226","a00226",226
199,"Worldliness, On","227","a00227",227
200,"Rash Judgment, On","228","a00228",228
201,"Celestial Glory, On","229","a00229",229
202,"Mortal Sin, On","230","a00230",230
203,"Death of the Just, On the","231","a00231",231
204,"Ascension, On the","232","a00232",232
205,"Ascension, On the","233","a00233",233
206,"Cause of Children Advocated, The","969a","a00969a",969
207,"Immaculate Conception, On the","215","a00215",215
208,"Easter duty, On","234","a00234",234
209,"Easter duty, On","235","a00235",235
210,"Communion, On","236","a00236",236
211,"Feast of Corpus Christi, On the","237","a00237",237
212,"Exhortation to fraternal Charity, An","238","a00238",238
213,"Purgatory ","239","a00239",239
214,"Whipping & thorns","240","a00240",240
215,"Our Lord, Of","241","a00241",241
216,"Danger of impenitence, On the","242","a00242",242
217,"Preparation for Death, On","243","a00243",243
218,"Hope in God, On","244","a00244",244
219,"Funeral Sermon Preached By the Reverend Father Robert Harding, A","245","a00245",245
220,"Sacred Heart, On the","246","a00246",246
221,"St. Ignatius, On","247","a00247",247
222,"Faith, On","248","a00248",248
223,"Assumption, On the","249","a00249",249
224,"Danger of relapsing into former Sins, On ye","250","a00250",250
225,"Judgment, On","251","a00251",251
226,"Hope, On","252","a00252",252
227,"Pentecost Day, On","253","a00253",253
228,"Judgment","254","a00254",254
229,"Difficulty of Salvation, On the","255","a00255",255
230,"Serving God, On","256","a00256",256
231,"Works in sin, Of","257","a00257",257
232,"Dispositions for confession","258","a00258",258
233,"Epiphany, On the","259","a00259",259
234,"Communion, On","260","a00260",260
235,"Relapse, On","261","a00261",261
236,"Accessory to others sins, On being","262","a00262",262
237,"Creed, On the 10th Article of the ","263","a00263",263
238,"Life everlasting","264","a00264",264
239,"Resurrection of the body, The","265","a00265",265
240,"Palm Sunday, On","266","a00266",266
241,"Increase in grace, On","267","a00267",267
242,"First Commandment, On the","268","a00268",268
243,"Passion, On the","269","a00269",269
244,"Speedy Conversion, On","270","a00270",270
245,"Mortification of Passions","271","a00271",271
246,"Creed, On the second article of the","272","a00272",272
247,"Creed, On the ","273","a00273",273
248,"Faith","274","a00274",274
249,"Eternity","275","a00275",275
250,"Care of salvation, On the","276","a00276",276
251,"Faith","277","a00277",277
252,"Commandment, On the 3rd.","278","a00278",278
253,"Eleventh and twelfth articles of the Creed, On the","279","a00279",279
254,"Third Article of the, On the","280","a00280",280
255,"Sixth Article of the Creed, On the","281","a00281",281
256,"Eighth Article of the Creed, On the","282","a00282",282
257,"Our last end, On","283","a00283",283
258,"Sacrament of penance, On the","284","a00284",284
259,"Pride, On","285","a00285",285
260,"Worldliness, On","286","a00286",286
261,"Venial Sin, Of","287","a00287",287
262,"Use of time, On the","288","a00288",288
263,"Nativity, On the","289","a00289",289
264,"Epiphany, On ye","290","a00290",290
265,"Delaying to repent, On","291","a00291",291
266,"Purification, On ye","292","a00292",292
267,"Passion, On the","293","a00293",293
268,"Unworthy communion, On","294","a00294",294
269,"Coming of the Holy Ghost, On the","295","a00295",295
270,"Sixth Article of the Creed, On the","296","a00296",296
271,"Sixth Article of the Creed, On the","297","a00297",297
272,"Charity to one's enemies, On","298","a00298",298
273,"Sixth Article of the Creed, On the","299","a00299",299
274,"Passion, On the","300","a00300",300
275,"Faith & Good Works, Upon","302","a00302",302
276,"Feast of Corpus Christi, On the","303","a00303",303
277,"Repentance, On","304","a00304",304
278,"Spirit of the world, On the","305","a00305",305
279,"Lukewarm Christians, On","306","a00306",306
280,"Word of God, On the","307","a00307",307
281,"Doing honor to priests, On","308","a00308",308
282,"Peace, On","309","a00309",309
283,"Nativity, On the","310","a00310",310
284,"Seek the[e] first Kingdom of God","311","a00311",311
285,"Hearing sermons diligently, On","312","a00312",312
286,"Easter duty, On","313","a00313",313
287,"Ash Wednesday, On","314","a00314",314
288,"Ascension, On the","315","a00315",315
289,"Prayer, On","316","a00316",316
290,"Repentance, On","317","a00317",317
291,"Nativity, On the","318","a00318",318
292,"Gospel, On the","319","a00319",319
293,"Fasting, On","320","a00320",320
294,"Sermon for ye 6th Sunday after ye Epiphany, A","321","a00321",321
295,"Mass, 1st Discourse on the","322","a00322",322
296,"Mass, 3rd Discourse on the","323","a00323",323
297,"Good Use of Time, On ye","324","a00324",324
298,"St. Ignatius, On","325","a00325",325
299,"Ascension, On the","326","a00326",326
300,"Sign of the Cross, On ye","327","a00327",327
301,"Easter Sunday, On","328","a00328",328
302,"Passion Sermon","329","a00329",329
303,"Christian Charity","330","a00330",330
304,"Retirement from Worldly affairs","331","a00331",331
305,"Holy Sacrifice of Mass, Upon the","332","a00332",332
306,"Resurrection, On the","333","a00333",333
307,"Ascension of our Lord, The","334","a00334",334
308,"Madgalain, or ye. Poenitent Sinner","335","a00335",335
309,"Self-love, On","336","a00336",336
310,"Preparation for Death, On","337","a00337",337
311,"Ash Wednesday","338","a00338",338
312,"God's patience towards sinners, On","339","a00339",339
313,"General Judgm[en]t","340","a00340",340
314,"Faith, On","341","a00341",341
315,"Marriage, On","342","a00342",342
316,"Purification, On the","343","a00343",343
317,"Contrition, On","344","a00344",344
318,"Penance, On","345","a00345",345
319,"Judgment, On","346","a00346",346
320,"Word of God, On the","347","a00347",347
321,"Charity, On","348","a00348",348
322,"Charity, On","349","a00349",349
323,"Fasting, On","350","a00350",350
324,"Gluttony, On","351","a00351",351
325,"Passion, On the","352","a00352",352
326,"Repentance, On","353","a00353",353
327,"Condemning one's neighbor, On","354","a00354",354
328,"Unclean thoughts, On","355","a00355",355
329,"Importance of works, On the","356","a00356",356
330,"Preparation for judgment, On","357","a00357",357
331,"Prayer, On","358","a00358",358
332,"Pride, On","359","a00359",359
333,"Scribes and Pharisees, On the","360","a00360",360
334,"Ordination, On ","361","a00361",361
335,"Ordination, On","362","a00362",362
336,"Pentecost, On","363","a00363",363
337,"Great commission, On the","364","a00364",364
338,"St. John the Baptist, On","365","a00365",365
339,"Repentance, On","366","a00366",366
340,"Renunciation of the world, On","367","a00367",367
341,"Steadfastness, On","368","a00368",368
342,"Obedience, On","369","a00369",369
343,"Preparation for Death, On","370","a00370",370
344,"Transfiguration, On the","371","a00371",371
345,"Eternity, On","372","a00372",372
346,"Fasting, On","373","a00373",373
347,"Relapse, On","374","a00374",374
348,"Easter, On","375","a00375",375
349,"Repentance, On","376","a00376",376
350,"Pardoning one's enemies, On","377","a00377",377
351,"Advent, On","378","a00378",378
352,"Slavery to human respects, On","379","a00379",379
353,"Pentecost, On","380","a00380",380
354,"True church, On the one","381","a00381",381
355,"Passion, On the","382","a00382",382
356,"Ascensionis, In festo","383","a00383",383
357,"Eight Beatitudes, On ye","384","a00384",384
358,"Creed, On the","385","a00385",385
359,"Perseverance, Of","386","a00386",386
360,"Sincere conversion, On","387","a00387",387
361,"Marriage, On","388","a00388",388
362,"Word of God, On the","389","a00389",389
363,"God's mercy towards sinners, On","390","a00390",390
364,"Resurrection, On the","391","a00391",391
365,"Innocence, On","392","a00392",392
366,"Humility, On","393","a00393",393
367,"Judgment, On","394","a00394",394
368,"Resurrection, On the","395","a00395",395
369,"Easter duty, On","396","a00396",396
370,"Resurrection, On the","397","a00397",397
371,"Love of our neighbor, Of ye","398","a00398",398
372,"Loving our enemies, On","399","a00399",399
373,"Preparation for Death, On","400","a00400",400
374,"Remedies for sin, On","401","a00401",401
375,"Festa Sancti P. Ignatii, In","402","a00402",402
376,"Judgment, On","403","a00403",403
377,"Relapse, On","404","a00404",404
378,"Communion, On","405","a00405",405
379,"Charity, On","406","a00406",406
380,"Obedience to God, On","407","a00407",407
381,"Good works, On","408","a00408",408
382,"Serving God, On","409","a00409",409
383,"Communion, On","410","a00410",410
384,"Penance, On","411","a00411",411
385,"Penance, On","412","a00412",412
386,"Advantages of doing penance, On the","413","a00413",413
387,"Temptations, On","414","a00414",414
388,"Associating with sinners, On","415","a00415",415
389,"Assumption, On the","416","a00416",416
390,"Vice of Ingratitude, On the","417","a00417",417
391,"Salvation, On","418","a00418",418
392,"Feast of All Saints, On the","419","a00419",419
393,"Frequent communion, On","420","a00420",420
394,"Mortal sin, On","421","a00421",421
395,"Resurrection, On the","422","a00422",422
396,"Scourging of Christ, On the","423","a00423",423
397,"Ascension, On the","424","a00424",424
398,"Feast of All Saints, On the","425","a00425",425
399,"Mass, On the","426","a00426",426
400,"Salvation, On","427","a00427",427
401,"First Commandment, On the","428","a00428",428
402,"Easter duty, On","429","a00429",429
403,"Torments of Hell, On the","430","a00430",430
404,"Renouncing God, On","431","a00431",431
405,"Resurrection, On the","432","a00432",432
406,"Crowning with thorns, On the","433","a00433",433
407,"Receiving injuries from others, On","434","a00434",434
408,"Pentecost, On","435","a00435",435
409,"Nativity, On the","436","a00436",436
410,"Circumcision, On the","437","a00437",437
411,"Giving Alms, On","438","a00438",438
412,"All Souls","439","a00439",439
413,"Nativity, On the","440","a00440",440
414,"Humiliations and afflictions, On","441","a00441",441
415,"Mortification of our passions, On the","442","a00442",442
416,"Repentance, On","443","a00443",443
417,"Sin, On","444","a00444",444
418,"Ninth Article","445","a00445",445
419,"Sin, On","446","a00446",446
420,"Penance, On","449","a00449",449
421,"Feast of Lent, On the","450","a00450",450
422,"Afflictions, On","451","a00451",451
423,"All Saints, For","452","a00452",452
424,"Sexagesima Sunday, On","453","a00453",453
425,"Pentecost, On","454","a00454",454
426,"Marriage, On","455","a00455",455
427,"Marriage, On","456","a00456",456
428,"Purgatory, On","457","a00457",457
429,"Nativity, On the","458","a00458",458
430,"Ephiphany","459","a00459",459
431,"Vocation to Sanctity, On our","460","a00460",460
432,"Importance of Salvation, The","461","a00461",461
433,"Profanity, On","462","a00462",462
434,"Feast of the name of Jesus, On the","463","a00463",463
435,"Circumcision, On the","464","a00464",464
436,"Resurrection, On the ","465","a00465",465
437,"Resurrection, On the","235a","a00235a",235
438,"Obedience to God, On","235b","a00235b",235
439,"Advent, On","235c","a00235c",235
440,"Death, On","235d","a00235d",235
441,"Hope, Of","235e","a00235e",235
442,"Dangerous to live in sin","235f","a00235f",235
443,"Effects of Sin, Ye","235g","a00235g",235
444,"Human ingratitude","235h","a00235h",235
445,"Communion, On","235i","a00235i",235
446,"All Saints","235j","a00235j",235
447,"Presence of God, On the","235k","a00235k",235
448,"Day of judgment, On the","235l","a00235l",235
449,"Circumcision, On the","235m","a00235m",235
450,"Swearing, On","235n","a00235n",235
451,"Sacrament of penance, On the","235o","a00235o",235
452,"Dispositions necessary to receive profitably the Sacrament of penance, Of the","235p","a00235p",235
453,"True religion, On","235q","a00235q",235
454,"Protestant and Catholic churches, On the","235r","a00235r",235
455,"Happiness, On","235s","a00235s",235
456,"Infallibility of the Church, On the","235t","a00235t",235
457,"Pastoral duties, On","235u","a00235u",235
458,"St Ignatius, On","235v","a00235v",235
459,"Repentance, On","317a","a00317a",317
460,"Fast Sermon Preached in 1756 on I Kings 21:29, A","468","a00468",468
461,"Decay of Christianity, The","469","a00469",469
462,"Rich Man and Lazarus, The","470","a00470",470
463,"Thanksgiving Sermon, A","471","a00471",471
464,"Blessed is the Man that Trusteth in the Lord","472","a00472",472
465,"Goodness and Bounty of God, The","473","a00473",473
466,"Pride, On","474","a00474",474
467,"Regeneration and the Law of God","475","a00475",475
468,"Dedication to God","476","a00476",476
469,"Contemplation of Christ, The","477","a00477",477
470,"Substance of a Sermon, preached by Tho. Coke ","548","a00548",548
471,"Thanksgiving Sermon, A, in consequence of the President's Proclamation","631","a00631",631
472,"Sermon Preached at the Death of General Washington","632","a00632",632
473,"Divinity of Christ & the Truth of His Revelation, The","633","a00633",633
474,"Reforming from Vicious Habits","634","a00634",634
475,"Hypocrisy in Religion","635","a00635",635
476,"Sermon on Acts 2[4]. 25","636","a00636",636
477,"Religious Education of Children, The","637","a00637",637
478,"Impiety & Folly of Dependence upon the World, The","638","a00638",638
479,"Doctrine of the Triune God, The","639","a00639",639
480,"Necessity of Watchfulness & Prayer, The","640","a00640",640
481,"Denial of the Existence of God, The","641","a00641",641
482,"Belief in Christ","642","a00642",642
483,"Second Coming, The","643","a00643",643
484,"Earth a Place of Troubles, The","644","a00644",644
485,"Set thine House in Order","645","a00645",645
486,"Gospel No Cause for Shame, The","646","a00646",646
487,"Race for Heaven, The","647","a00647",647
488,"Funeral Sermon for Mrs. Nancy Austin","648","a00648",648
489,"Duty of Parents to Educate their Children, The","649","a00649",649
490,"Joy of Keeping Sacred the Lord's Day, The","650","a00650",650
491,"Temple of God on Earth, The","651","a00651",651
492,"Tenderness and Mercy of God, The","652","a00652",652
493,"Peace and Tribulation","653","a00653",653
494,"Words of Eternal Life, The","654","a00654",654
495,"Wisdom, Money, and Knowledge","655","a00655",655
496,"All is Vanity & Vexation of Spirit","656","a00656",656
497,"Danger of Mocking Religion, The","657","a00657",657
498,"Neither Poverty Nor Riches","658","a00658",658
499,"End and the Means, The","659","a00659",659
500,"Observance of God's Commandments, The","660","a00660",660
501,"Living a Holy Life","661","a00661",661
502,"Force of Truth, The","662","a00662",662
503,"Importance of Knowledge, The","663","a00663",663
504,"Hour of Christ, The","664","a00664",664
505,"Let us run with Patience the Race","665","a00665",665
506,"Evening Prayer, On","666","a00666",666
507,"Sermons preached after 1800 by John Durbarrow Blair ","667","a00667",667
508,"But thou, when thou prayest, enter into thy Closet","669","a00669",669
509,"But thou, when thou prayest, enter into thy Closet","670","a00670",670
510,"Walk in the Spirit","671","a00671",671
511,"Mark the perfect Man, and behold the upright","672","a00672",672
512,"Remember now thy Creator in the Days of thy Youth","673","a00673",673
513,"Seek ye first the Kingdom of God & his Righteousness, But","674","a00674",674
514,"Thy will be done on earth as it is in heaven","675","a00675",675
515,"Rabbi, we know, that thou art a Teacher come from God","676","a00676",676
516,"Let your Requests be made known unto God","677","a00677",677
517,"So then, after the Lord had spoken unto them","679","a00679",679
518,"Children, obey your Parents in the Lord","680","a00680",680
519,"Fast appointed by public authority, For a","681","a00681",681
520,"Sermon upon the decay of Christianity","682","a00682",682
521,"Salvation","692","a00692",692
522,"Inward light, On","693","a00693",693
523,"Lisbon Earthquake, About","694","a00694",694
524,"Homily of the State of Matrimony, An","718","a00718",718
525,"Serious Advice not to---","719","a00719",719
526,"Funeral of Anne Lloyd, On the","720","a00720",720
527,"Death of Edward Lloyd, On the","721","a00721",721
528,"Two Sermons","723","a00723",723
529,"Prodigal Son, On the","724","a00724",724
530,"Out of the Heart proceed evil Thoughts, For","725","a00725",725
531,"In Praise of God","726","a00726",726
532,"Ye cannot serve God & Mammon","727","a00727",727
533,"Doctrine, Morals, and Blasphemy, On","737","a00737",737
534,"Fear of the Lord, On","738","a00738",738
535,"Wedding Sermon","739","a00739",739
536,"Promises of God, On the","740","a00740",740
537,"Religious Retreats Prayer and Communion with God, On","741","a00741",741
538,"Seek ye first the Kingdom of God","742","a00742",742
539,"Immutability of God, On the","743","a00743",743
540,"God's protection, On","744","a00744",744
541,"Free Will, On","745","a00745",745
542,"God is Love","746","a00746",746
543,"Wealth, On","747","a00747",747
544,"Daemoniac, The","748","a00748",748
545,"Convention Sermon","749","a00749",749
546,"Study to shew thyself approved unto God","750","a00750",750
547,"Two Sermons by John Coleman","751","a00751",751
548,"While ye Child was yet alive","752","a00752",752
549,"Funeral Sermon Jan. 1799","753","a00753",753
550,"Against Idleness","754","a00754",754
551,"Christmas [Two Sermons by John Coleman]","755","a00755",755
552,"Christmas","756","a00756",756
553,"Christmas","757","a00757",757
554,"Joshua's Resolution","758","a00758",758
555,"Last Judgment, On the","759","a00759",759
556,"New Year & Nature","770","a00770",770
557,"New Year","771","a00771",771
558,"Nature of Love to God & Christ","772","a00772",772
559,"Notes on Hebrews 11, 6","773","a00773",773
560,"Pardoning Mercy","774","a00774",774
561,"Parable of the Sower, The","775","a00775",775
562,"Public Worship","776","a00776",776
563,"Sermon on Grace","777","a00777",777
564,"Sermon on the flesh and the spirit","778","a00778",778
565,"Sermon on Be not ashamed","779","a00779",779
566,"Sermon on Godliness with Contentment, A","780","a00780",780
567,"Sermon on the Advantages of Religion","781","a00781",781
568,"Sermon on the Nature of true Holiness, A","782","a00782",782
569,"True Honour of Man, On the","783","a00783",783
570,"Power of the Gospel, The","784","a00784",784
571,"Sermon on Prayer","785","a00785",785
572,"Rule of Equity, The","786","a00786",786
573,"Sermon on St. Luke 22, 19 & 20","787","a00787",787
574,"Sermon for Whitsunday","788","a00788",788
575,"Wonderful Compassions of Christ to the greatest Sinners, The","789","a00789",789
576,"Two Sermons by John Coleman (Acc. 790)","790","a00790",790
577,"Now then we are Ambassadors for Christ","791","a00791",791
578,"In trust with the Gospel","792","a00792",792
579,"Two Sermons by John Coleman","793","a00793",793
580,"Faith, Hope, and Charity","794","a00794",794
581,"What is a man profited if he shall gain the whole world","795","a00795",795
582,"Two Sermons by John Coleman","796","a00796",796
583,"Fruit of the Spirit, The","797","a00797",797
584,"Kingdom come, Thy","798","a00798",798
585,"Two Sermons [by John Coleman]","799","a00799",799
586,"Kingdom come, Thy","800","a00800",800
587,"We are ambassadors for Xt.","801","a00801",801
588,"Two Sermons [by John Coleman]","802","a00802",802
589,"Fervent in Spirit","803","a00803",803
590,"Remember now thy Creator","804","a00804",804
591,"This do in remembrance of me","805","a00805",805
592,"We preach not ourselves, but Xt Jesus","806","a00806",806
593,"We preach not ourselves, but Xt Jesus","807","a00807",807
594,"We preach not ourselves, but Xt Jesus","808","a00808",808
595,"Christ hath redeemed us from the curse of the law","809","a00809",809
596,"Wisdom is justified of all his children","810","a00810",810
597,"When the unclean spirit is gone out of a man","811","a00811",811
598,"Joy of the Lord is your strength, The","812","a00812",812
599,"There shall come in the last days scoffers","813","a00813",813
600,"What is a man profited?","814","a00814",814
601,"Therefore be ye also ready","815","a00815",815
602,"Study to shew thyself approved unto God","816","a00816",816
603,"Study to shew thyself approved unto God ","817","a00817",817
604,"Repent and believe the Gospel","818","a00818",818
605,"Wrongful Actions of Nations, On the","819","a00819",819
606,"Hope, On","820","a00820",820
607,"Love of Jesus, On the","821","a00821",821
608,"Lord's Supper, On the ","822","a00822",822
609,"Five Sermons by John Coleman","823","a00823",823
610,"We preach not ourselves, but Christ Jesus","824","a00824",824
611,"We preach not ourselves, but Christ Jesus","825","a00825",825
612,"Office of the Preacher, The","826","a00826",826
613,"Shewing thyself a pattern of good works","827","a00827",827
614,"Study to shew thyself approved unto God","828","a00828",828
615,"Regeneration and not returning to heathen habits, On","829","a00829",829
616,"Christ our deliverer and salvation","830","a00830",830
617,"Genuine Love of God, On","831","a00831",831
618,"Christ the light of the World, On","832","a00832",832
619,"Thy Kingdom come","833","a00833",833
620,"Draw nigh to God","834","a00834",834
621,"Wealth","835","a00835",835
622,"Fools make a Mock at Sin","836","a00836",836
623,"Merry Heart, A","838","a00838",838
624,"Education, On","839","a00839",839
625,"Sermon preached in my own Parish Church, A","841","a00841",841
626,"Corrupt Clergy, A","842","a00842",842
627,"Patience, On","843","a00843",843
628,"Sermon on Easter","847","a00847",847
629,"Sermon on Everlasting Life","848","a00848",848
630,"Four Sermons [by Hatch Dent]","865","a00865",865
631,"Good Government, On","866","a00866",866
632,"Christian Religion, On the","867","a00867",867
633,"Be Ye Perfect","868","a00868",868
634,"Sermon on Judgment and the Jews","869","a00869",869
635,"Love of the World, On","870","a00870",870
636,"Easter Sermon","871","a00871",871
637,"Ease, Of","872","a00872",872
638,"We speak not as pleasing Men, but God","873","a00873",873
639,"Together in Unity","874","a00874",874
640,"Appearance of an approaching Rupture with France, On the","875","a00875",875
641,"Two Sermons by Edward Gantt","876","a00876",876
642,"Just shall live by Faith, The","877","a00877",877
643,"Wise Son Maketh a Glad Father, A","878","a00878",878
644,"transitoriness of life, On the","879","a00879",879
645,"Sermon on the World","880","a00880",880
646,"Affliction and Salvation","881","a00881",881
647,"Five Sermons by George Goundril","882","a00882",882
648,"Two Sermons by George Goundril","883","a00883",883
649,"Way of Peace, The","884","a00884",884
650,"Cross, On the","885","a00885",885
651,"Three Sermons by George Goundril","887","a00887",887
652,"Righteousness, Temperance, and Judgment to come","888","a00888",888
653,"Ye shall not swear by my Name falsely","889","a00889",889
654,"Work out your own Salvation with Fear and Trembling","890","a00890",890
655,"Nature of God, On the","891","a00891",891
656,"Bordley Funeral Sermon","892","a00892",892
657,"Sermon before General Assembly in 1689","893","a00893",893
658,"Wine & Milk without Money & without Price","895","a00895",895
659,"Gospel only profitable, A","896","a00896",896
660,"Children of Light instructed how to walk, The","897","a00897",897
661,"We also are compassed about with so great a cloud of witnesses","898","a00898",898
662,"If ye live after the flesh ye shall die","899","a00899",899
663,"Be not conformed to this world","900","a00900",900
664,"Justified by faith","901","a00901",901
665,"Death, On","902","a00902",902
666,"Two Sermons [by Robert Preade (Read?)]","904","a00904",904
667,"Regeneration, On","905","a00905",905
668,"Sermon delivered at the Bank Meeting House, A","906","a00906",906
669,"Religion the <i>rest</i> of all that labour","907","a00907",907
670,"Jews, Sin, and the Law, On","908","a00908",908
671,"Sermon at the opening of S. Annes Ch.","910","a00910",910
672,"Peter's Denial of his Lord","911","a00911",911
673,"Untitled Ms. Sermons 1686 and 1707","912","a00912",912
674,"There is no peace saith my God to ye Wicked","913","a00913",913
675,"Let not the wise man glory in his wisdom","914","a00914",914
676,"Funeral sermon on younger Robert Carter at Nomini","915","a00915",915
677,"Sermons (1770) of an unidentified minister, Three","916","a00916",916
678,"I have lived in all good conscience before God","917","a00917",917
679,"True and righteous believers","918","a00918",918
680,"Good Conscience, On","919","a00919",919
681,"We must all appear before the Judgment Seat of Christ","920","a00920",920
682,"Public Fast-day to a Minute-company at Charlottesville, On","921","a00921",921
683,"Address from the Clergy of New-York and New-Jersey to the Episcopalians in Virginia, An","922","a00922",922
684,"Farewell Sermon","923","a00923",923
685,"Except ye repent, ye shall all in like manner perish","925","a00925",925
686,"God's help--A Confirmation Sermon","926","a00926",926
687,"Rejoicing in the Lord","927","a00927",927
688,"Take heed to yourselves","928","a00928",928
689,"Textbook of Sermons Heard by Richard Dozier","929","a00929",929
690,"Sermon on the married state","930","a00930",930
691,"Sermon on the death of Col. George Carrington","931","a00931",931
692,"Sermon against slavery","933","a00933",933
693,"Sermon Preached at James City in Virginia, A","935","a00935",935
694,"Every one that loveth is born of God","936","a00936",936
695,"Become as little children","937","a00937",937
696,"Sermon on 2 Cor. 4. 13","938","a00938",938
697,"He is not a Jew, which is one outwardly","939","a00939",939
698,"Unstable as Water thou shalt not excell","940","a00940",940
699,"Thanksgiving Sermon, A","941","a00941",941
700,"Sermon on the parable of the Rich Man and Lazarus","942","a00942",942
701,"Sermon on Isaiah XLIV: 5","943","a00943",943
702,"Sermons, 1792-1802 [by Armistead Smith]","944","a00944",944
703,"City that is on an Hill cannot be hid, A","945","a00945",945
704,"Divine Government the Joy of our World, The","946","a00946",946
705,"Two Sermons on the Death of Elder Lewis Lunsford","947","a00947",947
706,"Work of Christ, For the","948","a00948",948
707,"Testify the Gospel of the Grace of God","949","a00949",949
708,"One Thing Needful, The","950","a00950",950
709,"Creation","951","a00951",951
710,"Crime and Curse of Plundering, The","952","a00952",952
711,"Sermon from Deuteronomy, A","953","a00953",953
712,"Sermon for the Anniversary of American Independence, A","954","a00954",954
713,"Sermon on The Law of God, A","955","a00955",955
714,"Sermon on The Law of God, A","956","a00956",956
715,"Sermon on The Creation of Man, A","957","a00957",957
716,"Sermon on Matthew 11, 28-30","958","a00958",958
717,"Discourse on Regulators in 1768","959","a00959",959
718,"Kingdom of God shall be taken from you, The","960","a00960",960
719,"Sermon #14 from Psalm LXXIII. 25th, A","961","a00961",961
720,"Preach the Word","962","a00962",962
721,"Love of God in the salvation of man, The","963","a00963",963
722,"Origin of Love, The","964","a00964",964
723,"Sermon on The Love of God, A","965","a00965",965
724,"Seek ye first the Kingdom of God--Sermon I","742a","a00742a",742
725,"Seek ye first the Kingdom of God--Sermon II","742b","a00742b",742
726,"Sermon on the World","880a","a00880a",880
727,"Sermon on the World","880b","a00880b",880
728,"Good Friday, On","904a","a00904a",904
729,"Freedom is a blessing","932a","a00932a",932
730,"There Remaineth therefore a rest to the People of God","966x","a00966x",966
731,"Sermon on the profanation of the name of God, A","966","a00966",966
732,"Gratitude to God, On","967","a00967",967
733,"What is to be done for the inheritance of eternal life, On","968","a00968",968
734,"Cause of Children Advocated, The","969","a00969",969
735,"Cause of young children advocated, The","970","a00970",970
736,"Infant's Cause advocated, The","971","a00971",971
737,"Infant's Cause advocated, The","972","a00972",972
738,"Infant's Cause advocated, The","973","a00973",973
739,"Gracious Declarations of Christ in favor of Little Children, On the","974","a00974",974
740,"Gracious Declarations of Christ in favor of little children, On the","975","a00975",975
741,"Certainty of Death, On the","976","a00976",976
742,"Self-examination, On","977","a00977",977
743,"Character of Judas, On the","978","a00978",978
744,"Except a man be born again He cannot see the Kingdom of God","979","a00979",979
745,"Duty of Man to his Creator, On the","980","a00980",980
746,"Discourse on the Analogy between Christ crucified, & the brazen Serpent, A","981","a00981",981
747,"Sermon on Hebrews 12th C & 14 V, A","982","a00982",982
748,"Short Discorce [sic] on the 14C. of Reveration [sic] & 13V, A","983","a00983",983
749,"Blasphemy against the Holy Ghost","984","a00984",984
750,"Go ye therefore & teach all nations","985","a00985",985
751,"Arise ye and Depart","986","a00986",986
752,"Sermon notes on the books of Timothy","987","a00987",987
753,"Discourses Delivered in Charleston","988","a00988",988
754,"Lord's Day Morn:","989","a00989",989
755,"Lord's Day","990","a00990",990
756,"Two sermons and a charge to two newly ordained ministers","991","a00991",991
757,"Lord Day Aft:","991b","a00991b",991
758,"Charge to the Newly Ordained, A","991c","a00991c",991
759,"Our fellowship is with the Father & with his son","993","a00993",993
760,"Sermon on Romans 7th 18th, A","994","a00994",994
761,"Lecture delivered at Marsh creek January 8th. 1794, A","995","a00995",995
762,"Peace I leave with you","996","a00996",996
763,"Sermon on Psal. 118, 2d, A","997","a00997",997
764,"Sermon Notes on the Lord's Supper","998","a00998",998
765,"Cup of Blessing, The","999","a00999",999
766,"Sermon on the Sacrament of the Lord's Supper","1000","a01000",1000
767,"Proper Distribution of the Elements of the Sacrament of the Lord's Supper","1001","a01001",1001
768,"To Whom is the Cup in the Sacrament a Cup of Blessing?","1002","a01002",1002
769,"Sermon on the Sacrament of the Lord's Supper","1003","a01003",1003
770,"Duties Regarding the Sacrament of the Lord's Supper","1004","a01004",1004
771,"Duties Regarding the Sacrament of the Lord's Supper","1005","a01005",1005
772,"Blood and Body of Christ, The","1006","a01006",1006
773,"Sermon on the Lord's Supper","1007","a01007",1007
774,"Duty in the Receiving of the Lord's Supper","1008","a01008",1008
775,"Sermon on the Lord's Supper","1009","a01009",1009
776,"Come unto me all ye that labour","1012","a01012",1012
777,"How can ye escape the Damnation of Hell","1013","a01013",1013
778,"Seventeen Manuscript Sermons, 1760-1804, [by Samuel Stillman]","1014","a01014",1014
779,"Sermon preached at New York","1015","a01015",1015
780,"It is appointed unto man once to die","1017","a01017",1017
781,"Let us not be weary in well-doing","1018","a01018",1018
782,"Seven Mss. Sermons Delivered [by Samuel Frink] in Christ Church, Savannah","1019","a01019",1019
783,"Burial of Xt, On the","1020","a01020",1020
784,"Take heed therefore how ye hear","1021","a01021",1021
785,"Christ Jesus our Lord","1022","a01022",1022
786,"Passion of Xt, On the","1023","a01023",1023
787,"Sermon on the Ascension","1024","a01024",1024
788,"Through a Glass Darkly","1025","a01025",1025
789,"By the Obedience of One shall many be made Righteous","1026","a01026",1026
790,"Sermon on Acts X, 33","1027","a01027",1027
791,"Sermon occasioned by the death of Deacon Thomas Quarterman","1028","a01028",1028
792,"Certainty of Death, On the","1030","a01030",1030
793,"Method of Confessing","1031","a01031",1031
794,"Penance, On","1032","a01032",1032
795,"Nativity of our Lord, On ye","1033","a01033",1033
796,"Detraction, On","1034","a01034",1034
797,"Fourtie eight sermons preached by Mr. Robert Paxton","934","a00934",934
798,"Son of God, The","934a","a00934a",934
799,"Resurrection of Christ, Of the","934b","a00934b",934
800,"Anger, Of","934c","a00934c",934
801,"Tares in the Church, Of the","934d","a00934d",934
802,"Humility, Of","934e","a00934e",934
803,"Imitating God, Of","934f","a00934f",934
804,"Fortitude & resolution, of","934g","a00934g",934
805,"Repentance, Of","934h","a00934h",934
806,"Loving one another, Of","934i","a00934i",934
807,"Christ's Resurrection, Of","934j","a00934j",934
808,"Salvation, Of","934k","a00934k",934
809,"Living a good life, Of","934l","a00934l",934
810,"Sacrament, Of the","934m","a00934m",934
811,"Patience, Of","934n","a00934n",934
812,"Angels, Of","934o","a00934o",934
813,"Peace, Of","934p","a00934p",934
814,"Future happiness, Of","934q","a00934q",934
815,"Christian race, Of the","934r","a00934r",934
816,"Wisdom of fearing God, The","934s","a00934s",934
817,"Man's blessed End, Of","934t","a00934t",934
818,"Walking Circumspectly, Of","934u","a00934u",934
819,"Redeeming the time, Of","934v","a00934v",934
820,"Christ's Crucifixion, Of","934w","a00934w",934
821,"Holy Ghost's descent, Of the","934x","a00934x",934
822,"Our Lord's Incarnation, Of","934y","a00934y",934
823,"Blameless living, Of","934z","a00934z",934
824,"Moderation, Of","934aa","a00934aa",934
825,"Justice and Equity","934bb","a00934bb",934
826,"Christ's propitiation, Of","934cc","a00934cc",934
827,"Sacrament, Of the","934dd","a00934dd",934
828,"Love, Of","934ee","a00934ee",934
829,"Fast Sermon, A","934ff","a00934ff",934
830,"Christ's Passion, Of","934gg","a00934gg",934
831,"Gospel light","934hh","a00934hh",934
832,"Godliness maketh Happy","934ii","a00934ii",934
833,"Christ our head","934jj","a00934jj",934
834,"Against evil speaking","934kk","a00934kk",934
835,"Parable of the Sower, The","934ll","a00934ll",934
836,"Against the fear of death","934mm","a00934mm",934
837,"Lord's Supper, Of the","934nn","a00934nn",934
838,"Burdens of sin, Of the","934oo","a00934oo",934
839,"Anent afflictions","934pp","a00934pp",934
840,"Deliverance from sea dangers","934qq","a00934qq",934
841,"Easiness of Christ's yoke, The","934rr","a00934rr",934
842,"Souls rest, The","934ss","a00934ss",934
843,"Examples to Christians","934tt","a00934tt",934
844,"Christ tempted","934uu","a00934uu",934
845,"Loss and gain of the soul","934vv","a00934vv",934
846,"Lord's Day Morn:","991a","a00991a",991
847,"Sermons [by Archibald Simpson]","1600a","a01600a",1600
848,"Sermon 3d from Luke 10 Ch 41, 42 vs.","1601","a01601",1601
849,"Sermon 4th from Luke 10 Ch 41, 42 vs.","1602","a01602",1602
850,"Sermon from John 3d Ch 3 & 5 vs.","1603","a01603",1603
851,"Sermon 2d from John 3d Ch 3 & 5 vs.","1604","a01604",1604
852,"Sermon 3d from John 3 Ch 3 & 5 vs.","1605","a01605",1605
853,"Sermon 4th from John 3 Ch 3 & 5 vs.","1606","a01606",1606
854,"Sermon 5 from John 3d Ch 3 & 5 vs.","1607","a01607",1607
855,"Sermon from Colos 3d Ch 2, 3, 4 vs.","1608","a01608",1608
856,"Sermon 2d from Col 3d Ch 2, 3, 4 vs.","1609","a01609",1609
857,"Sermon from 1st Ep Peter 1st Ch 6 & 7 vs.","1610","a01610",1610
858,"Sermon from 1 Ep John 1 Ch & 7 vs lt pt.","1611","a01611",1611
859,"Sermon from Ps 39, 10, 11, 12 vs.","1612","a01612",1612
860,"Sermon from Ps 26 & 6","1613","a01613",1613
861,"Sermon from John 14, 23","1614","a01614",1614
862,"Sermon 2d from John 14 Ch 23","1615","a01615",1615
863,"Sermon from Rev 4 Ch 10 vs.","1616","a01616",1616
864,"Phillipians 2d Ch & 8 vs.","1617","a01617",1617
865,"Sermon from Luke 1st Ch 17 vs lt pt","1618","a01618",1618
866,"Sermon 2d from Luke 1st Ch 17 vs.","1619","a01619",1619
867,"Sermon 1st from John 14 Ch 23 vs.","1620","a01620",1620
868,"Sermon first from Isai 55 Ch 7 vs.","1621","a01621",1621
869,"Sermon from Psalme 38 vs 18","1622","a01622",1622
870,"Sermon from Jerem 31 & 20","1623","a01623",1623
871,"Sermon from 2d Peter 3d Ch & 11 vs.","1624","a01624",1624
872,"Sermon 2d from 2d Peter 3d Ch & 11 vs.","1625","a01625",1625
873,"Sermon from 1st Tim 1st Ch & 15 vs.","1626","a01626",1626
874,"Sermon 2d from 1st Tim 1st Ch & 15 vs","1627","a01627",1627
875,"Sermons Vollume Thirteenth [by Archibald Simpson]","1628","a01628",1628
876,"Sermon 7 from Titus 2, 11, 12","1629","a01629",1629
877,"Sermon from Rev 2, 17","1630","a01630",1630
878,"Sermon from Ps 103, 19","1631","a01631",1631
879,"Sermon from Matt 4, 10","1632","a01632",1632
880,"Sermon from John 4, 24","1633","a01633",1633
881,"Sermon from Exod 20, 8 vs","1634","a01634",1634
882,"Sermon from 1 Ep John 1 & 7","1635","a01635",1635
883,"Sermon from Ezek 33, 33","1636","a01636",1636
884,"Ezek 33, 33 Sermon 2d","1637","a01637",1637
885,"Sermon from Gal 5, 15","1638","a01638",1638
886,"Sermon from Phillip 1, 27","1639","a01639",1639
887,"Sermon 2d from Phillip 1, 27","1640","a01640",1640
888,"Sermon from Isai 66 & 2d","1641","a01641",1641
889,"Sermon from Matthew 6, 33","1642","a01642",1642
890,"Corr 1, 21, 1[First]","1643","a01643",1643
891,"Lecture upon 2 Sam 24 Ch, A","1644","a01644",1644
892,"Sermon from Isai 26 Ch, 8, 9 vs, A","1645","a01645",1645
893,"Sermon 2d from Isai 26 Ch 8, 9 vs.","1646","a01646",1646
894,"Sermon from Psal 14 & 1","1647","a01647",1647
895,"Archibald Simpson Manuscript Sermons","1648","a01648",1648
896,"Sermon from John [14] Ch & 47 vs, A","1649","a01649",1649
897,"Sermon from Ps 116, 16 vs, A","1650","a01650",1650
898,"Sermon from Isai 53 ch & 5 vs, A","1651","a01651",1651
899,"Sermon from Matt 22 Ch 4 vs., A","1652","a01652",1652
900,"Sermon from Deut 5 ch 29 vs, A","1653","a01653",1653
901,"sermon from deut 5 ch 29 vs, A 2d","1654","a01654",1654
902,"Sermon from songs 8 ch & 2d vs, A","1655","a01655",1655
903,"sermon from songs 8 ch & 2d vs, A 2d","1656","a01656",1656
904,"Two sermons undivided from Jer 3d Ch 19","1657","a01657",1657
905,"Action sermon from 1 Corr 1st Ch & 9 vs","1658","a01658",1658
906,"Action sermon from Isai 53 ch & 10 vs","1659","a01659",1659
907,"Action sermon from Zech 6 ch 13 vs","1660","a01660",1660
908,"Two sermons undivided from Lev 10 Ch 3d vs.","1661","a01661",1661
909,"Two sermons undivided from Isai 44 Ch 3d vs.","1662","a01662",1662
910,"Sermon from Job 31 Ch & 6 vs, A","1663","a01663",1663
911,"Sermon from Matt 22 Ch & 4 vs., A","1664","a01664",1664
912,"Sermons on Various Occasions by the Rev. Paul Turquand, Volume I","1665","a01665",1665
913,"Ye should do as I have done to you","1666","a01666",1666
914,"I am with you always","1667","a01667",1667
915,"Behold, the fear of the Lord, th[at] is Wisdom","1668","a01668",1668
916,"Opening of the Chappel Amelia, At the","1669","a01669",1669
917,"Can the Ethiopian change his skin, or the Leopard his spots?","1670","a01670",1670
918,"Remember now thy Creator in the Days of thy Youth","1671","a01671",1671
919,"Through him we both have an Access by one Spirit unto the Father","1672","a01672",1672
920,"Fruits of the Spirit, The","1673","a01673",1673
921,"I am with you always","1674","a01674",1674
922,"Without me ye can do nothing","1675","a01675",1675
923,"Let us therefore fear","1676","a01676",1676
924,"For of such is the Kingdom of Heaven","1677","a01677",1677
925,"O that they were wise","1678","a01678",1678
926,"I am a Companion of all of them that fear thee","1679","a01679",1679
927,"Goodness & Security of God in the sufferings of Christ, The","1680","a01680",1680
928,"Neither Circumcision availeth anything, no[r] uncircumcision, but a new Creature","1681","a01681",1681
929,"Vanity of human Life","1682","a01682",1682
930,"God is not a man that he should lie","1683","a01683",1683
931,"Hardened thro' the deceitfulness of sin","1684","a01684",1684
932,"Let us not be weary in well-doing","1685","a01685",1685
933,"Your labor is not in vain in the Lord","1686","a01686",1686
934,"Whatsoever ye would that Men should do to you, do ye even so to them","1687","a01687",1687
935,"Sermons on Various Occasions by the Rev. Paul Turquand, Volume II","1688","a01688",1688
936,"He hath appointed a Day, in the which he will judge the World in righteousness","1689","a01689",1689
937,"Every man shall receive his own reward, according to his own labour","1690","a01690",1690
938,"Forgetting those things which are behind","1691","a01691",1691
939,"It is a fearful thing to fall into the Hands of the living God","1692","a01692",1692
940,"Be ye doers of the word","1693","a01693",1693
941,"Set your affection on things above","1694","a01694",1694
942,"Being of a God, On the","1695","a01695",1695
943,"I know that thou wilt bring me to Death","1696","a01696",1696
944,"In my prosperity I said, I shall never be moved","1697","a01697",1697
945,"Path of the just is as the shining Light, The","1698","a01698",1698
946,"Love not the World","1699","a01699",1699
947,"Deliverance from sin, the End of Christ's coming","1700","a01700",1700
948,"Truly God is good","1701","a01701",1701
949,"If thou wilt enter into life, keep the Commandments","1702","a01702",1702
950,"As the Lord liveth, the man that hath done this thing shall surely die","1703","a01703",1703
951,"And I will pray the Father","1704","a01704",1704
952,"Shine to enter at the strait Gate","1705","a01705",1705
953,"When I have [a] convenient season, I will call for thee","1706","a01706",1706
954,"Faith the Gift of God. 1786","1707","a01707",1707
955,"Necessity of Virtue in order to Happiness, The","1708","a01708",1708
956,"Behold, my Servant shall deal prudently","1709","a01709",1709
957,"So shall he sprinkle many Nations","1710","a01710",1710
958,"Who gave Jacob for a Spoil, & Israel to the Robbers?","1711","a01711",1711
959,"If the Son therefore shall make you free, ye shall be free indeed","1712","a01712",1712
960,"Address on a day of fasting","1713","a01713",1713
961,"Sermons on Various Occasions by the Rev. Paul Turquand, Volume III","1714","a01714",1714
962,"We must all appear before the Judgment-Seat of Xt.","1715","a01715",1715
963,"Betrayest thou the Son o[f] man with a Kiss?","1716","a01716",1716
964,"Having heard the word, keep it, & bring forth fruit","1717","a01717",1717
965,"What manner of Persons ought we to be","1718","a01718",1718
966,"Jesus put forth his hand","1719","a01719",1719
967,"There is no good in them, but for a Man to rejoice and to do good in his life","1720","a01720",1720
968,"Blessed be the God & Father of our Lord Jesus Xt","1721","a01721",1721
969,"Sow to yourselves in Righteousness, reap in mercy","1722","a01722",1722
970,"Fulness of Time, The","1723","a01723",1723
971,"When the fulness of the Time was come, God sent forth h[is] Son","1724","a01724",1724
972,"Wait for the Hope of Righteousness by Faith","1725","a01725",1725
973,"Ask now the beast, & they shall teach thee","1726","a01726",1726
974,"We Preach Xt. crucified","1727","a01727",1727
975,"There is a reward for the righteous","1728","a01728",1728
976,"Work out your own Salvation","1729","a01729",1729
977,"God is faithful, who will not suffer you to be tempted above that ye are able","1730","a01730",1730
978,"Search the Scriptures","1731","a01731",1731
979,"Short Acct. of the Nature, Terms & Conditions of the Baptismal Covenant","1732","a01732",1732
980,"Great is the Mystery of Godliness","1733","a01733",1733
981,"We will serve the Lord","1734","a01734",1734
982,"No chastening for the present seemeth to be joyous","1735","a01735",1735
983,"Holy Eucharist, On the","1736","a01736",1736
984,"Faith, On","1737","a01737",1737
985,"Serve the Lord with Gladness","1738","a01738",1738
986,"Let me die the death of the righteous","1739","a01739",1739
987,"Spiritual Vigilance","1740","a01740",1740
988,"Youth on being Sober-minded, To","1741","a01741",1741
989,"Christ's Invitation to penitent Sinners","1742","a01742",1742
990,"Holy Communion, On the","1743","a01743",1743
991,"Against the immoderate Pursuit of Pleasure","1744","a01744",1744
992,"Praise, On","1745","a01745",1745
993,"Duty of Praise, On the","1746","a01746",1746
994,"Good Friday, For","1747","a01747",1747
995,"Nature & Advantages of dying in the Lord, The","1748","a01748",1748
996,"Murder, On","1749","a01749",1749
997,"Caution against falling from Grace","1750","a01750",1750
998,"Punishment of Disobedience, The","1751","a01751",1751
999,"Distinction between Doers & mere Hearers of the word","1752","a01752",1752
1000,"Inefficacy of morality without faith, The","1753","a01753",1753
1001,"Divine Inspiration of the Scriptures, On the","1754","a01754",1754
1002,"Divine Inspiration of the Scriptures, On the","1755","a01755",1755
1003,"Excellence of the Holy Scriptures, On the","1756","a01756",1756
1004,"Unsearchable Wisdom of God, in his dealings with men, On the","1757","a01757",1757
1005,"Whitsunday, For","1758","a01758",1758
1006,"Eternity of God, On the","1759","a01759",1759
1007,"Love of God, On the","1760","a01760",1760
1008,"Fear of God, On the","1761","a01761",1761
1009,"Mercy of God, On the","1762","a01762",1762
1010,"Immutability of God, On the","1763","a01763",1763
1011,"Immensity of God, On the","1764","a01764",1764
1012,"Trust in God, On our","1765","a01765",1765
1013,"Wisdom of God, On the","1766","a01766",1766
1014,"Duty of Submission to God, The","1767","a01767",1767
1015,"Laying-up Treasures in Heaven, On","1768","a01768",1768
1016,"Persuasive to charity","1769","a01769",1769
1017,"Resignation of the heart to God, On the","1770","a01770",1770
1018,"Advantages of simplicity & godly sincerity, On the","1771","a01771",1771
1019,"Nature of the kingdom & righteousness of God, On the","1772","a01772",1772
1020,"Revenge, On","1773","a01773",1773
1021,"Certainty of future happiness, On the","1774","a01774",1774
1022,"Observation of the Sabbath, On the","1775","a01775",1775
1023,"Envy, On","1776","a01776",1776
1024,"Abuses of speech, On the","1777","a01777",1777
1025,"Duties of a Xtian Minister, The","1778","a01778",1778
1026,"Amazing bounty of God to man, On the","1779","a01779",1779
1027,"Contentment, On","1780","a01780",1780
1028,"Holy Communion, On the","1781","a01781",1781
1029,"Jail, For the","1782","a01782",1782
1030,"Spiritual blessings bestowed on man, On the","3783","a03783",3783
1031,"Parable of the prodigal son, On the","1784","a01784",1784
1032,"Satisfaction made by Christ, On the","1785","a01785",1785
1033,"Necessity of improving the religious advantages, The","1786","a01786",1786
1034,"True faith in Christ, On","1787","a01787",1787
1035,"Immortality of the Soul, On the","1788","a01788",1788
1036,"Loving men more than Christ, On","1789","a01789",1789
1037,"Persuasive to charity","1790","a01790",1790
1038,"Baptism, On","1791","a01791",1791
1039,"Early piety, On","1792","a01792",1792
1040,"Christmas, For","1793","a01793",1793
1041,"Intercession of Christ, On the","1794","a01794",1794
1042,"Guarding against detraction from good qualities, On","1795","a01795",1795
1043,"Justice, On","1796","a01796",1796
1044,"Patient forbearance of God, On the","1797","a01797",1797
1045,"Danger of ill advice, On the","1798","a01798",1798
1046,"Easter, For","1799","a01799",1799
1047,"Good Friday, For","1800","a01800",1800
1048,"Retirement & Meditation, On","1801","a01801",1801
1049,"Free Schools, For the","1802","a01802",1802
1050,"Third commandment, On the","1803","a01803",1803
1051,"Baptism, On","1804","a01804",1804
1052,"Future Judgement, On a","1805","a01805",1805
1053,"Reasons for the exercise of divine mercy towards Sinners","1806","a01806",1806
1054,"Sacrifice made by Xt, On the","1807","a01807",1807
1055,"Earthly happiness, On","1808","a01808",1808
1056,"Thanksgiving for national blessings","1809","a01809",1809
1057,"Advent, For","1810","a01810",1810
1058,"Mercy, On","1811","a01811",1811
1059,"Regal Character of Christ, On the","1812","a01812",1812
1060,"Prophetic Character of Christ, On the","1813","a01813",1813
1061,"Truth of the Scriptures of the New Testament, The","1814","a01814",1814
1062,"Humility, On","1815","a01815",1815
1063,"Pleasantness of religion, The","1816","a01816",1816
1064,"Easter, For","1817","a01817",1817
1065,"Good Friday, For","1818","a01818",1818
1066,"Incentives to holiness","1819","a01819",1819
1067,"Fruits required from men are proportioned to their advantages.","1820","a01820",1820
1068,"Danger of riches, The","1821","a01821",1821
1069,"Desire of righteousness, Of the","1822","a01822",1822
1070,"Fallacy of certain specious doctrines detected, The","1823","a01823",1823
1071,"Prayer, On","1824","a01824",1824
1072,"Perfection required, On the","1825","a01825",1825
1073,"Government of the thoughts, On the","1826","a01826",1826
1074,"Necessity of Revelation, The","1827","a01827",1827
1075,"Introduction of the Book of Common Prayer, On the","1828","a01828",1828
1076,"Conscience, On","1829","a01829",1829
1077,"Success of Xtianity an evidence of its truth, The","1830","a01830",1830
1078,"Argument from prophecy, The","1831","a01831",1831
1079,"Argument from Miracles, The","1832","a01832",1832
1080,"Argument from the Life & Character of Jesus, The","1833","a01833",1833
1081,"Argument from the excellent nature of Christianity, The","1834","a01834",1834
1082,"Argument from the excellent effects of Xtianity, The","1835","a01835",1835
1083,"Summary of the arguments in favor of Christianity","1836","a01836",1836
1084,"Dying unto sin, and living unto righteousness","1837","a01837",1837
1085,"Self-examination, On","1838","a01838",1838
1086,"Duty of parents to their children, On the","1839","a01839",1839
1087,"Free Schools, For the","1841","a01841",1841
1088,"Ascension, On the","1842","a01842",1842
1089,"Whitsunday, For","1843","a01843",1843
1090,"State between Death & the Resurrection, On a","1844","a01844",1844
1091,"Walking with God, On","1845","a01845",1845
1092,"Joy in Prosperity","1846","a01846",1846
1093,"Divine Providence, Of a ","1847","a01847",1847
1094,"Parable of the Unjust Steward, The","1848","a01848",1848
1095,"Over-righteousness","1849","a01849",1849
1096,"God the only source of comfort, support, & protection","1850","a01850",1850
1097,"Parable of the Housholder, The","1851","a01851",1851
1098,"Truth of the Old Testament","1852","a01852",1852
1099,"Objections against Christianity removed","1853","a01853",1853
1100,"Gospel-conversation, On a","1854","a01854",1854
1101,"Objection from the number, the abilities, & the virtue of infidels refuted, The","1855","a01855",1855
1102,"Liturgy, On the","1856","a01856",1856
1103,"Liturgy, On the","1857","a01857",1857
1104,"Liturgy, On the","1858","a01858",1858
1105,"Lord -- Man's Shepherd, The","1859","a01859",1859
1106,"Omniscience of God","1860","a01860",1860
1107,"Omnipotence of God, The","1861","a01861",1861
1108,"Happiness of God, On the","1862","a01862",1862
1109,"Goodness of God, On the","1863","a01863",1863
1110,"Conformity to the World, Against","1864","a01864",1864
1111,"Justice of God, On the","1865","a01865",1865
1112,"Veracity of God, On the","1866","a01866",1866
1113,"New Year 1792, For the","1867","a01867",1867
1114,"Epiphany, For the","1868","a01868",1868
1115,"Not to be slothful in business","1869","a01869",1869
1116,"Counsel of God & Future Glory","1870","a01870",1870
1117,"Natural religion no superseding revealed","1877","a01877",1877
1118,"Christian Race, The","1878","a01878",1878
1119,"Human self-deception","1879","a01879",1879
1120,"Charity, --as defined by St Paul","1880","a01880",1880
1121,"Power of bad habits, The","1881","a01881",1881
1122,"Temptations, offered by Satan to Jesus, presented also to man, The","1882","a01882",1882
1123,"Gospel redeems Men from the bondage of Sin, The","1883","a01883",1883
1124,"From John XII, 13, No. 1","1884","a01884",1884
1125,"Parable of the Vineyard let to husbandmen, The","1885","a01885",1885
1126,"State of the wicked considered, The","1886","a01886",1886
1127,"Before or after Easter. Nature, ends & effects of the Death of Christ","1887","a01887",1887
1128,"Good Friday, For","1888","a01888",1888
1129,"Easter, For","1889","a01889",1889
1130,"Jesus Xt was sent to bless men, & to reclaim them from sin","1890","a01890",1890
1131,"Best Christians unprofitable servants, The","1891","a01891",1891
1132,"Ascension, For the","1892","a01892",1892
1133,"Jonah, The History of","1893","a01893",1893
1134,"Blasphemy against the Holy Ghost","1894","a01894",1894
1135,"Judgment of the World, The","1895","a01895",1895
1136,"Self-deceit of the wicked","1896","a01896",1896
1137,"Psalmody, On","1897","a01897",1897
1138,"Secret Faults","1898","a01898",1898
1139,"Atonement of Christ, The","1899","a01899",1899
1140,"Impossibility of Serving God & Mammon, The","1900","a01900",1900
1141,"Grand moral Design of the Gospel, The","1901","a01901",1901
1142,"Safety & Security of upright walking, The","1902","a01902",1902
1143,"Christian Sacrifice, The","1903","a01903",1903
1144,"Unity of God, The","1904","a01904",1904
1145,"Prophecy of the Destruction of Jerusalem, The","1905","a01905",1905
1146,"Putting on the Lord Jesus Christ","1906","a01906",1906
1147,"Christian Salvation","1907","a01907",1907
1148,"Delighting in God","1908","a01908",1908
1149,"Against Love of ye World","1909","a01909",1909
1150,"Crucifixion of The Flesh","1910","a01910",1910
1151,"Universal Love & Charity","1911","a01911",1911
1152,"Working with Fear & Trembling","1912","a01912",1912
1153,"Friendship of the World, The","1913","a01913",1913
1154,"Those who honor God","1914","a01914",1914
1155,"For the Thanksgiving-day, 1792","1915","a01915",1915
1156,"Payment of tribute to Caesar, The","1916","a01916",1916
1157,"Walking worthy of ye Lord unto all pleasing","1917","a01917",1917
1158,"Confirmation, On","1918","a01918",1918
1159,"Confirmation, On","1919","a01919",1919
1160,"For Advent","1920","a01920",1920
1161,"For Advent. The religion of the ancient & modern heathen","1921","a01921",1921
1162,"Advent, For","1922","a01922",1922
1163,"For Christmas","1923","a01923",1923
1164,"Fate of the Unrighteous","1924","a01924",1924
1165,"Prophecy concerning Shiloh, The","1925","a01925",1925
1166,"For the Epiphany","1926","a01926",1926
1167,"Remission of sin, & the consequence expected ","1927","a01927",1927
1168,"Yoke of Christ easy, The ","1928","a01928",1928
1169,"Marriage of Cana of Galilee, The ","1929","a01929",1929
1170,"Care in hearing the Word","1930","a01930",1930
1171,"Seed by the Way-side, The ","1931","a01931",1931
1172,"Seed on the Rock, The ","1932","a01932",1932
1173,"Hast thou found honey ","1933","a01933",1933
1174,"Seed among Thorns, The","1934","a01934",1934
1175,"Inimitable goodness & excellence of the Saviour, The ","1935","a01935",1935
1176,"Seed in the good ground, The ","1936","a01936",1936
1177,"Temptations offered to men ","1937","a01937",1937
1178,"Working ","1938","a01938",1938
1179,"Easter, For ","1939","a01939",1939
1180,"History of the Resurrection of Jesus, The ","1940","a01940",1940
1181,"History of the Resurrection, On the ","1941","a01941",1941
1182,"God ought to be served rather than Baal ","1942","a01942",1942
1183,"Tribulation of the world ","1943","a01943",1943
1184,"Benefit of the Corporation, For the ","1944","a01944",1944
1185,"Whitsunday, For ","1945","a01945",1945
1186,"Duty of Xtians under afflictions ","1946","a01946",1946
1187,"Parable of the lost Sheep & piece of Silver, The ","1947","a01947",1947
1188,"Both faith and works necessary to Salvation; ","1948","a01948",1948
1189,"Safety & happiness of following that which is good, The ","1949","a01949",1949
1190,"Faith & means necessary to a successful seeking of God ","1950","a01950",1950
1191,"Resignation ","1951","a01951",1951
1192,"Godliness ","1952","a01952",1952
1193,"Pharisee & the Publican, The ","1953","a01953",1953
1194,"Men reject the Gospel, because their deeds are evil ","1954","a01954",1954
1195,"Heavenly-mindedness, On ","1955","a01955",1955
1196,"Sorrow & mourning become all","1956","a01956",1956
1197,"Spirit preventeth the works of the flesh, The ","1957","a01957",1957
1198,"Backsliding ","1958","a01958",1958
1199,"Christianity vindicated ","1959","a01959",1959
1200,"Repentance ","1960","a01960",1960
1201,"Loving of Enemies ","1961","a01961",1961
1202,"Fast on account of the Philadelphia Epidemic ","1962","a01962",1962
1203,"Frontier-mission, For the ","1963","a01963",1963
1204,"Justification through Christ ","1965","a01965",1965
1205,"Justice twixt Rulers & Citizens ","1964","a01964",1964
1206,"Justice between Master & Servant ","1966","a01966",1966
1207,"Blessedness described in the first psalm, The ","1967","a01967",1967
1208,"Rejoicing in ye Lord ","1968","a01968",1968
1209,"Simeon's Apostrophe ","1969","a01969",1969
1210,"Christmas, For ","1970","a01970",1970
1211,"Covering sin; its evils, &c, &c ","1971","a01971",1971
1212,"New-Year, For the ","1972","a01972",1972
1213,"Goodness of God ","1973","a01973",1973
1214,"Promise of a prophet like unto Moses, The ","1974","a01974",1974
1215,"Binding up of the broken-hearted ","1975","a01975",1975
1216,"Government of our Passions & Affections, The ","1976","a01976",1976
1217,"Christ a propitiation for the sins of the world ","1977","a01977",1977
1218,"Government of the whole man, The ","1978","a01978",1978
1219,"Rejoicing in hope ","1979","a01979",1979
1220,"Remission of sins ","1980","a01980",1980
1221,"Fund proposed in Canon 16th, For the ","1981","a01981",1981
1222,"Mortification ","1982","a01982",1982
1223,"Regeneration ","1983","a01983",1983
1224,"Abstaining from all appearance of evil ","1984","a01984",1984
1225,"Upright poor man & the perverse rich one ","1985","a01985",1985
1226,"Easter, For ","1986","a01986",1986
1227,"Christ's reanimated body not imaginary, but real ","1987","a01987",1987
1228,"Life & immortality bro't to life by Xt ","1988","a01988",1988
1229,"Marks of a true Xtian ","1989","a01989",1989
1230," Light for the Righteous","1990","a01990",1990
1231,"Peace dispensed by Xt to his disciples, The ","1991","a01991",1991
1232,"Fruit of the Spirit, The ","1992","a01992",1992
1233,"Contending for the faith ","1993","a01993",1993
1234,"Parable of the two sons, The ","1994","a01994",1994
1235,"Joshua's Resolution ","1995","a01995",1995
1236,"Waiting patiently, till the change come ","1996","a01996",1996
1237,"Encouragement to persevere in well-doing ","1997","a01997",1997
1238,"Slothful man & his lion, The ","1998","a01998",1998
1239,"Mary's better choice ","1999","a01999",1999
1240,"First commandment, On the ","2000","a02000",2000
1241,"Second Commandment, On the ","2001","a02001",2001
1242,"Good name, A ","2002","a02002",2002
1243,"End of Christ's giving himself for us ","2003","a02003",2003
1244,"Seventh Commandment, On the ","2004","a02004",2004
1245,"Eighth Commandment, On the ","2005","a02005",2005
1246,"Ninth Commandment, On the ","2006","a02006",2006
1247,"Tenth Commandment, On the ","2007","a02007",2007
1248,"Justification by Christ's blood ","2008","a02008",2008
1249,"Tenth Commandment, On the ","2009","a02009",2009
1250,"Anger ","2010","a02010",2010
1251,"All nations of the earth blessed in the Seed of Abraham ","2011","a02011",2011
1252,"Good Samaritan, The ","2012","a02012",2012
1253,"Advent. Haggai's prophecy ","2013","a02013",2013
1254,"He, on whom the Lord will look ","2014","a02014",2014
1255,"New Year, For the ","2015","a02015",2015
1256,"Epiphany, For the ","2016","a02016",2016
1257,"Concerning the law of Moses ","2017","a02017",2017
1258,"Concerning the law of Moses, No. 2.","2018","a02018",2018
1259,"Sinners, their allurements to be guarded against ","2019","a02019",2019
1260,"End of the perfect & upright man, The ","2020","a02020",2020
1261,"Sinners, their allurements to be guarded against ","2021","a02021",2021
1262,"Thanksgiving on Feb. 19, 1795, For the ","2022","a02022",2022
1263,"Founded on the event of the Pool of Bethesda ","2023","a02023",2023
1264,"Be not overmuch wicked ","2024","a02024",2024
1265,"Hearing the word, On ","2025","a02025",2025
1266,"Sorrow & heaviness of our Lord in Gethsemane, The ","2026","a02026",2026
1267,"Easter, For ","2027","a02027",2027
1268,"Abiding in Christ","2028","a02028",2028
1269,"Hacknied commendation of a good heart ","2029","a02029",2029
1270,"Christian Salvation a deliverance from Sin ","2030","a02030",2030
1271,"Obedience neither impossible, nor extremely difficult ","2031","a02031",2031
1272,"Character of a profitable resolution to amend ","2032","a02032",2032
1273,"Worldly wisdom spiritually improved ","2033","a02033",2033
1274,"Whitsunday, For ","2034","a02034",2034
1275,"Terms and Qualifications of successful prayers, The ","2035","a02035",2035
1276,"Mixture of rich and poor ","2036","a02036",2036
1277,"Ceasing to do evil ","2037","a02037",2037
1278,"Agur's petition ","2038","a02038",2038
1279,"Use and abuse of the World, The","2039","a02039",2039
1280,"Self-love ","2040","a02040",2040
1281,"Sins of Infirmity ","2041","a02041",2041
1282,"St. Paul's Discourse to Felix ","2042","a02042",2042
1283,"Godliness profitable unto all things ","2043","a02043",2043
1284,"Form with the power, The ","2044","a02044",2044
1285,"Godly & worldly sorrow, with their effects ","2045","a02045",2045
1286,"Judging One another ","2046","a02046",2046
1287,"Resurrection of Lazarus, The ","2047","a02047",2047
1288,"Corruption of Heart, On ","2048","a02048",2048
1289,"Centurion's petition for his sick servant, The","2049","a02049",2049
1290,"Walking circumspectly ","2050","a02050",2050
1291,"Daniel & the Den of Lions","2051","a02051",2051
1292,"Superiority of the Gospel over Natural Religion, The","2052","a02052",2052
1293,"Service of the Lord neither vain nor unprofitable, The","2053","a02053",2053
1294,"Love of Brethren","2054","a02054",2054
1295,"Love of God in redemption, The","2055","a02055",2055
1296,"Observance of the Seventh day, On the","2056","a02056",2056
1297,"Unity","2057","a02057",2057
1298,"No continuing city here","2058","a02058",2058
1299,"Not many wise men","2059","a02059",2059
1300,"New Year 1796, For the","2060","a02060",2060
1301,"Christmas Religion & Joy compatible, About","2061","a02061",2061
1302,"Christ the salvation of the end of the earth","2062","a02062",2062
1303,"Confession of sin, and its blessed Effects","2063","a02063",2063
1304,"Be not weary in well-doing","2064","a02064",2064
1305,"Asking for wisdom of God","2065","a02065",2065
1306,"Things in which we ought not, and that in which we may glory","2066","a02066",2066
1307,"Things, in which we ought not, and that, in which we may glory","2067","a02067",2067
1308,"Repentance","2068","a02068",2068
1309,"Bishop, For the","2069","a02069",2069
1310,"Living unto Him, who died &c &c.","2070","a02070",2070
1311,"Looking unto Jesus","2071","a02071",2071
1312,"Departing from Iniquity","2072","a02072",2072
1313,"Joel & Micah reconciled","2073","a02073",2073
1314,"Revelation not untrue, because man was unworthy of it","2074","a02074",2074
1315,"Those, to whom there is no condemnation","2075","a02075",2075
1316,"Rich man & Lazarus, The","2076","a02076",2076
1317,"Rich man & Lazarus, The","2077","a02077",2077
1318,"Grace, On","2078","a02078",2078
1319,"Rich man & Lazarus, The","2079","a02079",2079
1320,"Parable of the rich man and Lazarus, The","2080","a02080",2080
1321,"Petition of the Mother of Zebedee's Children, From the","2081","a02081",2081
1322,"Goodness & mercy of God manifested to all","2082","a02082",2082
1323,"Mission of Moses & Aaron to Pharaoh, The","2083","a02083",2083
1324,"Character of Cornelius, The","2084","a02084",2084
1325,"Comforting & edifying one another","2085","a02085",2085
1326,"Humiliation & its happy consequences","2086","a02086",2086
1327,"Experience -- hope","2087","a02087",2087
1328,"Continuing patiently in well-doing","2088","a02088",2088
1329,"Against over-solicitous & inordinate concern for the World","2089","a02089",2089
1330,"Against over-solicitous & inordinate concern for this world","2090","a02090",2090
1331,"Ear & the eye -- proofs of the existence of a God, The","2091","a02091",2091
1332,"Displaying our light before men to the glory of God, On","2092","a02092",2092
1333,"Whole armour of God, The","2093","a02093",2093
1334,"Fruits meet for repentance","2094","a02094",2094
1335,"Insisting of the law and the prophets","2095","a02095",2095
1336,"Eternal life","2096","a02096",2096
1337,"Defective righteousness of the Scribes & Pharisees","2097","a02097",2097
1338,"Jesus Christ our Lord","2098","a02098",2098
1339,"Education, On","2099","a02099",2099
1340,"Epiphany, For the","2100","a02100",2100
1341,"Necessity of knowing & loving the divine law, The","2101","a02101",2101
1342,"Visionary schemes of happiness, On","2102","a02102",2102
1343,"St John, Epistle 1: 3 Chapter, 8 Verse, On","2103","a02103",2103
1344,"Self-communion recommended","2104","a02104",2104
1345,"Education, On","2105","a02105",2105
1346,"Easter, For","2106","a02106",2106
1347,"Abiding in Christ","2107","a02107",2107
1348,"Gospel preached to the dead, The","2108","a02108",2108
1349,"Whitsunday, For","2109","a02109",2109
1350,"Wickedness and destruction of the old world, On the","2110","a02110",2110
1351,"Grieving the Spirit","2111","a02111",2111
1352,"Grace of God, The","2112","a02112",2112
1353,"Manner of our Lord's introducing his prayer, The","2113","a02113",2113
1354,"Our Father, which art in Heaven","2114","a02114",2114
1355,"Hallowed be thy name","2115","a02115",2115
1356,"Religion, Of","2116","a02116",2116
1357,"Thy kingdom come","2117","a02117",2117
1358,"Thy will be done","2118","a02118",2118
1359,"Being of a God, On the","2119","a02119",2119
1360,"Give us this day our daily bread","2120","a02120",2120
1361,"Lead us not into temptation","2121","a02121",2121
1362,"Thine is the kingdom","2122","a02122",2122
1363,"Hope in God","2123","a02123",2123
1364,"Thanksgiving 1797, For the","2124","a02124",2124
1365,"Wickedness its own Punishment","2125","a02125",2125
1366,"Truth of Revelation, The","2126","a02126",2126
1367,"Christmas, For","2127","a02127",2127
1368,"Questions of John's Disciples, On the","2128","a02128",2128
1369,"Gospel the power of God, The","2129","a02129",2129
1370,"Character of St Paul, On the","2130","a02130",2130
1371,"Epiphany, For the","2131","a02131",2131
1372,"Moderation","2132","a02132",2132
1373,"God is a Spirit","2133","a02133",2133
1374,"Mixture of good & bad, The","2134","a02134",2134
1375,"Overcoming evil with good","2135","a02135",2135
1376,"Lent, For","2136","a02136",2136
1377,"Pure and Undefiled Religion","2137","a02137",2137
1378,"Uncertainty of life, & suddenness of death, The","2138","a02138",2138
1379,"Easter, For","2139","a02139",2139
1380,"Resurrection of the Body, On the","2140","a02140",2140
1381,"Confirmation","2141","a02141",2141
1382,"Fast (May 9, 1798), For the","2142","a02142",2142
1383,"Whitsunday, For","2143","a02143",2143
1384,"Against habitual Discontent","2144","a02144",2144
1385,"Propriety of a reverent and attentive deportment in ye house of God, The","2145","a02145",2145
1386,"Example of Nehemiah, The","2146","a02146",2146
1387,"Perseverance in Faith & Hope","2147","a02147",2147
1388,"Resting in, & waiting for the Lord","2148","a02148",2148
1389,"Affliction","2149","a02149",2149
1390,"Blind Bartimeus","2150","a02150",2150
1391,"Confessing of Christ before men, &c.","2151","a02151",2151
1392,"Character & errand of Ministers","2152","a02152",2152
1393,"Boast not of tomorrow","2153","a02153",2153
1394,"Folly of making a mock at sin","2154","a02154",2154
1395,"Awaking from sleep &c.","2155","a02155",2155
1396,"Case of the penitent thief, The","2156","a02156",2156
1397,"Faithful discharge of duty, On a","2157","a02157",2157
1398,"Rising generation exhorted","2158","a02158",2158
1399,"Faithful discharge of Duty, On a","2159","a02159",2159
1400,"New Year, For the","2160","a02160",2160
1401,"Epiphany, For the","2161","a02161",2161
1402,"Turning from sin to newness of life","2162","a02162",2162
1403,"Fruits ye criterion of character","2163","a02163",2163
1404,"Bishop, For the","2164","a02164",2164
1405,"Fruits of the Cross","2165","a02165",2165
1406,"Visitation of the third District, For the","2166","a02166",2166
1407,"Visitation-sermon","2167","a02167",2167
1408,"Funeral sermon","2168","a02168",2168
1409,"Gratitude","2169","a02169",2169
1410,"Adapted to the Sacrament","2170","a02170",2170
1411,"No earthly good to stand in the way of our eternal welfare","2171","a02171",2171
1412,"Good Friday, For","2172","a02172",2172
1413,"St. John Baptist, For","2173","a02173",2173
1414,"Anger without sinning, On","2174","a02174",2174
1415,"Candid expostulation with those, who trespass against us","2175","a02175",2175
1416,"Reasons for rejoicing in the Lord","2176","a02176",2176
1417,"Descent into Hell, The","2177","a02177",2177
1418,"Remorse of Conscience","2178","a02178",2178
1419,"Death of the Old Year, On the","2179","a02179",2179
1420,"Episcopal Charitable Institution, For the","2180","a02180",2180
1421,"St. Paul's Choice","2181","a02181",2181
1422,"Christianity a spring of spiritual joy","2182","a02182",2182
1423,"Sacred to the Memory of George Washington","2183","a02183",2183
1424,"Conscience void of offence, A","2184","a02184",2184
1425,"Excellency of the knowledge of Christ Jesus, The","2185","a02185",2185
1426,"Superior excellence of Christ's preaching, The","2186","a02186",2186
1427,"St Peter's Denial of his Master, On","2187","a02187",2187
1428,"Marks of Religious Sincerity","2188","a02188",2188
1429,"Afflictions, No. 1","2189","a02189",2189
1430,"Consideration of our ways","2190","a02190",2190
1431,"Occasioned by the third visitation of Baltimore by the Yellow Fever","2191","a02191",2191
1432,"St John; Ch. 8, V. 10, 11","2192","a02192",2192
1433,"Day of death better than the day of one's birth","2193","a02193",2193
1434,"Speaking truth","2194","a02194",2194
1435,"Wicked presume upon their Impunity","2195","a02195",2195
1436,"Afflictions, No. 2","2196","a02196",2196
1437,"Afflictions, No. 3","2197","a02197",2197
1438,"Friendship compatible with Christianity","2198","a02198",2198
1439,"Future state of existence & its consolations, On a","2199","a02199",2199
1440,"Spiritual or moral pride, On","2200","a02200",2200
1441,"Church Musick","2201","a02201",2201
1442,"Devotion, On","2202","a02202",2202
1443,"Wickedness of Christians no proof against Christianity, The","2203","a02203",2203
1444,"Living unto the Lord","2204","a02204",2204
1445,"Danger of consenting to smaller offences, The","2205","a02205",2205
1446,"Zeal not according to knowledge, Of","2206","a02206",2206
1447,"Wealth, On","2207","a02207",2207
1448,"Immortality, On","2208","a02208",2208
1449,"Funerals, On","3000","a03000",3000
1450,"God's Power Over Human Life, On","3001","a03001",3001
1451,"Funeral of a Young Girl, At the","3002","a03002",3002
1452,"Death as an Enemy, On","3003","a03003",3003
1453,"Everlasting Life, On","3004","a03004",3004
1454,"Boasting [Witnessing] in God, On","3005","a03005",3005
1455,"Offices of the Church, On","3006","a03006",3006
1456,"Baptism, On","3007","a03007",3007
1457,"Faith and Patience, On","3008","a03008",3008
1458,"Repentance (1), On","3009","a03009",3009
1459,"Repentance (2), On","3010","a03010",3010
1460,"Bible and Salvation (1), On the","3011","a03011",3011
1461,"Bible and Salvation (2), On the","3012","a03012",3012
1462,"Ascension, On the","3013","a03013",3013
1463,"Spiritual Warfare, On","3014","a03014",3014
1464,"Jesus, Light of the World, On","3015","a03015",3015
1465,"Doubting, On","3016","a03016",3016
1466,"Immaculate Conception, On the","3017","a03017",3017
1467,"Hell, On","3018","a03018",3018
1468,"God's Revelation of Himself, On","3019","a03019",3019
1469,"Lord's Supper, On the","3020","a03020",3020
1470,"Lord's Supper (2), On the","3021","a03021",3021
1471,"Obedience to God, On","3022","a03022",3022
1472,"Belief in God, On","3023","a03023",3023
1473,"Christian Unity (1), On","3024","a03024",3024
1474,"Christian Unity (2), On","3025","a03025",3025
1475,"Heavenly Conversation, On","3026","a03026",3026
1476,"Days of Darkness, On","3027","a03027",3027
1477,"Fear of the Lord, On","3028","a03028",3028
1478,"Counsels of the Heart, On","3029","a03029",3029
1479,"Love, On","3030","a03030",3030
1480,"St. Paul before Felix, On","3031","a03031",3031
1481,"Scoffers, On","3032","a03032",3032
1482,"Heaven (1), On","3033","a03033",3033
1483,"Heaven (2), On","3034","a03034",3034
1484,"Heaven (3), On","3035","a03035",3035
1485,"Heaven (4), On","3036","a03036",3036
1486,"Parents and Children, On","3037","a03037",3037
1487,"Miracles, On","3038","a03038",3038
1488,"Christian Conduct (1), On","3039","a03039",3039
1489,"Christian Conduct (2), On","3040","a03040",3040
1490,"Reputation, On","3041","a03041",3041
1491,"Easter, On","3042","a03042",3042
1492,"Betrayal of Christ, On","3043","a03043",3043
1493,"Dispute with Papists (1), On the","3044","a03044",3044
1494,"Dispute with Papists (2), On the","3045","a03045",3045
1495,"Dispute with Papists (3), On the","3046","a03046",3046
1496,"Dispute with Papists (4), On the","3047","a03047",3047
1497,"Sin's Burdens and Christ's Yoke, On","3048","a03048",3048
1498,"Proving and Holding to Truth, On","3049","a03049",3049
1499,"Vine and Its Branches, On the","3050","a03050",3050
1500,"Temptation and Wisdom, On","3051","a03051",3051
1501,"Sermon for Christmas","3052","a03052",3052
1502,"Sermon for Easter","3053","a03053",3053
1503,"Sermon for Christmas","3054","a03054",3054
1504,"Baalam's [sic] Wish","3055","a03055",3055
1505,"Balaam's Wish","3056","a03056",3056
1506,"Rejoicing, On","3057","a03057",3057
1507,"Funeral Sermon on Proverbs 23:25","3058","a03058",3058
1508,"Funeral Sermon on Col. 3:3-4","3059","a03059",3059
1509,"Funeral Sermon for J. Wells","3060","a03060",3060
1510,"Funeral Sermon on Job 14:2","3061","a03061",3061
1511,"Almost Persuaded, The","3062","a03062",3062
1512,"Merry Sermon, The","3063","a03063",3063
1513,"State of Protestantism, On","3064","a03064",3064
1514,"Worship, On","3065","a03065",3065
1515,"Presumptuous Sins, On","3066","a03066",3066
1516,"Second Coming(1), On the","3067","a03067",3067
1517,"Second Coming(2), On the","3068","a03068",3068
1518,"Second Coming(3), On the","3069","a03069",3069
1519,"God's Forbearance and Judgment","3070","a03070",3070
1520,"Wisdom's Happiness and Sin's Misery","3071","a03071",3071
1521,"Resurrection of the Dead, On the","3072","a03072",3072
1522,"Life and Doctrine of Christ, The","3073","a03073",3073
1523,"Historical Account of Our Saviour, The","3074","a03074",3074
1524,"Divine Assistance and Revelation, Concerning","3075","a03075",3075
1525,"Christmas in what Manner to be Kept","3076","a03076",3076
1526,"God's Design","3077","a03077",3077
1527,"Evil of Punishment, On the","3078","a03078",3078
1528,"Eucharist as Thanksgiving(1), On the","3079","a03079",3079
1529,"Eucharist as Thanksgiving(2), On the","3080","a03080",3080
1530,"Eucharist, On the","3081","a03081",3081
1531,"Anger, On","3082","a03082",3082
1532,"Hunger and Thirst for Righteousness, On the","3083","a03083",3083
1533,"Peace from Loving God's Law, On","3084","a03084",3084
1534,"James 1:22, On","3085","a03085",3085
1535,"Acts 2: 40, On","3086","a03086",3086
1536,"Psalm 100: 2, On","3087","a03087",3087
1537,"Psalm 119: 165, On","3088","a03088",3088
1538,"Colossians 3:2, On","3089","a03089",3089
1539,"Psalm 144:3, On","3090","a03090",3090
1540,"Poor, On the","3091","a03091",3091
1541,"Christian Conduct (3), On","3092","a03092",3092
1542,"Sermon Preached in Annapolis","3093","a03093",3093
1543,"Patriotism, On","3094","a03094",3094
1544,"Education, On","3096","a03096",3096
1545,"Fraud, On","3097","a03097",3097
1546,"Joy, On","3098","a03098",3098
1547,"Wealth, On","3099","a03099",3099
1548,"Commandment to Love, On","3100","a03100",3100
1549,"Asking in Jesus' Name, On","3101","a03101",3101
1550,"Proverbs 30: 8-9, On","3102","a03102",3102
1551,"Joel 1: 14-15, On","3103","a03103",3103
1552,"Revelation, On","3104","a03104",3104
1553,"Keys of Hell and Death, On","3105","a03105",3105
1554,"Parable of the Steward, On","3106","a03106",3106
1555,"Trusting in the Lord, On","3107","a03107",3107
1556,"Proverbs 3:7, On","3108","a03108",3108
1557,"Psalm 119: 97, On","3109","a03109",3109
1558,"Christ's Preaching to Spirits, On","3110","a03110",3110
1559,"Delight in the Lord, On","3111","a03111",3111
1560,"Ascension, On the","3112","a03112",3112
1561,"Purifying One's Soul, On","3113","a03113",3113
1562,"Salvation for the Righteous and Sinful, On the","3114","a03114",3114
1563,"Loving Not the World, On","3115","a03115",3115
1564,"Blessed are the Poor in Spirit, On","3116","a03116",3116
1565,"Serving Two Masters, On","3117","a03117",3117
1566,"Faith in God, On","3118","a03118",3118
1567,"Walking Circumspectly in Evil Days, On","3119","a03119",3119
1568,"Parable of Lazarus, On the","3120","a03120",3120
1569,"Honor, On","3121","a03121",3121
1570,"Last Judgment, On Works Revealed at","3122","a03122",3122
1571,"Good Life, The Necessity of","3123","a03123",3123
1572,"Works of Christ, On the","3124","a03124",3124
1573,"Imitating Christ's Life, On","3125","a03125",3125
1574,"Pleasing Men and God, On","3126","a03126",3126
1575,"Pleasing Man and God, 2, On","3126a","a03126a",3126
1576,"Death Cannot Praise God","3127","a03127",3127
1577,"Blessed are the Meek, On","3128","a03128",3128
1578,"Wilkinson, John, sermons","3129","a03129",3129
1579,"God's Reveleation, Sermon on","3130","a03130",3130
1580,"Love of Christ, On","3131","a03131",3131
1581,"Promise of God, On the","3132","a03132",3132
1582,"Peace to the Wicked, On No","3133","a03133",3133
1583,"Acts 10:38, On","3134","a03134",3134
1584,"Exodus 33: 18-19, On","3135","a03135",3135
1585,"Anger, On","3136","a03136",3136
1586,"Friends, On","3137","a03137",3137
1587,"Job 29: 11-13, On","3138","a03138",3138
1588,"Sermons of Thomas Cradock","2999","a02999",2999
1589,"Psalm 119, On","3139","a03139",3139
1590,"Corinthians 11: 29, On 1","3140","a03140",3140
1591,"Set your affection on things above","4001","a04001",4001
1592,"Coming to Judgment","4002","a04002",4002
1593,"Natural State of Man","4003","a04003",4003
1594,"Awakening Sleepers to the Light of Christ","4004","a04004",4004
1595,"Disease of Sin","4005","a04005",4005
1596,"Worthiness of Heavenly Glory","4006","a04006",4006
1597,"Complaint of Sufferer","4007","a04007",4007
1598,"Religious Instruction, On","4008","a04008",4008
1599,"Rule of Divine Providence","4009","a04009",4009
1600,"Baptism, On","4010","a04010",4010
1601,"Humility, On","4011","a04011",4011
1602,"Living Fully in Faith","4012","a04012",4012
1603,"Repentance and Faith, On","4013","a04013",4013
1604,"Baptism, On","4014","a04014",4014
1605,"Commandments of God, The","4015","a04015",4015
1606,"Submitting to the Will of God, On","4016","a04016",4016
1607,"Fruits of the Spirit, The","4017","a04017",4017
1608,"Happiness of God, On the","4018","a04018",4018
1609,"Good Friday, For","4019","a04019",4019
1610,"Justification through Christ","4020","a04020",4020
1611,"Catechismum de Domini Cana, In","4021","a04021",4021
1612,"Living Fully in Faith through Christ","4022","a04022",4022
1613,"Reasonableness of Serving God, The","4023","a04023",4023
1614,"Worldliness, On","4024","a04024",4024
1615,"Youth Reminded of A Judgment to Come","4025","a04025",4025
1616,"Doctrine of the Church, The","4026","a04026",4026
1617,"Sin and the Follies of Youth","4027","a04027",4027
1618,"Divine Wrath and Mercy, On","4028","a04028",4028
1619,"Christ's Love for the Church","4029","a04029",4029
1620,"Beware a Death Unprepared","4030","a04030",4030
1621,"Christian Parent, The","4031","a04031",4031
1622,"Funeral Sermon for Benjamin Howard, Esq.","4032","a04032",4032
1623,"Remember Thy Creator","4033","a04033",4033
1624,"Being Ready for the Son of Man","4034","a04034",4034
1625,"Christmas Day, For","4035","a04035",4035
1626,"Description of Judgment Day","4036","a04036",4036
1627,"Christian Covenant, The","4037","a04037",4037
1628,"Self-examination, On","4038","a04038",4038
1629,"Prayer and Justification, On","4039","a04039",4039
1630,"Christ as Mediator","4041","a04041",4041
1631,"Holiness, On","4042","a04042",4042
1632,"New Creatures in Christ","4043","a04043",4043
1633,"Nature of Sin, On","4044","a04044",4044
1634,"Lord's Prayer, On","4045","a04045",4045
1635,"Living the Christian Religion","4046","a04046",4046
1636,"De Domini Cana.--un [sic. unum?] Deum","4047","a04047",4047
1637,"Funeral Sermon","4048","a04048",4048
1638,"Justice of God, On the","4049","a04049",4049
1639,"Nature and necessity of holy Resolution, The","4050","a04050",4050
1640,"Nature and necessity of holy Resolution, The","4051","a04051",4051
1641,"Account Book, Charles Clay, 1773-1818","4055","a04055",4055
1642,"Justification through Christ","4061","a04061",4061
1643,"Unfit for Heaven","4062","a04062",4062
1644,"Afflictions a Blessing from God","4063","a04063",4063
1645,"Renewing your Mind","4064","a04064",4064
1646,"Journal of my Mission to Virginia, A","4065","a04065",4065
1647,"Theological Responses","4066","a04066",4066
1648,"Avarice, On","4067","a04067",4067
1649,"Three(?) Addresses to the Continental Army","4068","a04068",4068
