kpid,"sti","acc","acc_txt",acc_int
1,"Abiding in Christ","2028","a02028",2028
2,"Abiding in Christ","2107","a02107",2107
3,"Abstaining from all appearance of evil ","1984","a01984",1984
4,"Abuses of speech, On the","1777","a01777",1777
5,"Accessory to others sins, On being","262","a00262",262
6,"Account Book, Charles Clay, 1773-1818","4055","a04055",4055
7,"Action sermon from 1 Corr 1st Ch & 9 vs","1658","a01658",1658
8,"Action sermon from Isai 53 ch & 10 vs","1659","a01659",1659
9,"Action sermon from Zech 6 ch 13 vs","1660","a01660",1660
10,"Acts 10:38, On","3134","a03134",3134
11,"Acts 2: 40, On","3086","a03086",3086
12,"Adapted to the Sacrament","2170","a02170",2170
13,"Address from the Clergy of New-York and New-Jersey to the Episcopalians in Virginia, An","922","a00922",922
14,"Address on a day of fasting","1713","a01713",1713
15,"Advantages of doing penance, On the","413","a00413",413
16,"Advantages of simplicity & godly sincerity, On the","1771","a01771",1771
17,"Advent, For","1810","a01810",1810
18,"Advent, For","1922","a01922",1922
19,"Advent, On","59","a00059",59
20,"Advent, On","70","a00070",70
21,"Advent, On","378","a00378",378
22,"Advent, On","235c","a00235c",235
23,"Advent. Haggai's prophecy ","2013","a02013",2013
24,"Affliction","2149","a02149",2149
25,"Affliction and Salvation","881","a00881",881
26,"affliction, On","183","a00183",183
27,"Afflictions a Blessing from God","4063","a04063",4063
28,"Afflictions, No. 1","2189","a02189",2189
29,"Afflictions, No. 2","2196","a02196",2196
30,"Afflictions, No. 3","2197","a02197",2197
31,"Afflictions, On","105","a00105",105
32,"Afflictions, On","451","a00451",451
33,"Against evil speaking","934kk","a00934kk",934
34,"Against habitual Discontent","2144","a02144",2144
35,"Against Idleness","754","a00754",754
36,"Against Love of ye World","1909","a01909",1909
37,"Against over-solicitous & inordinate concern for the World","2089","a02089",2089
38,"Against over-solicitous & inordinate concern for this world","2090","a02090",2090
39,"Against the fear of death","934mm","a00934mm",934
40,"Against the immoderate Pursuit of Pleasure","1744","a01744",1744
41,"Agur's petition ","2038","a02038",2038
42,"All is Vanity & Vexation of Spirit","656","a00656",656
43,"All nations of the earth blessed in the Seed of Abraham ","2011","a02011",2011
44,"All Saints","235j","a00235j",235
45,"All Saints, For","452","a00452",452
46,"All Saints, On the feast of","83","a00083",83
47,"All Souls","439","a00439",439
48,"All Souls' Day, On","47","a00047",47
49,"Almost Persuaded, The","3062","a03062",3062
50,"Amazing bounty of God to man, On the","1779","a01779",1779
51,"Ambition, On","108","a00108",108
52,"And I will pray the Father","1704","a01704",1704
53,"Anent afflictions","934pp","a00934pp",934
54,"Angels, Of","934o","a00934o",934
55,"Anger ","2010","a02010",2010
56,"Anger without sinning, On","2174","a02174",2174
57,"Anger, Of","934c","a00934c",934
58,"Anger, On","3082","a03082",3082
59,"Anger, On","3136","a03136",3136
60,"Annunciation, On the","45","a00045",45
61,"Apostles' Creed, On the","72","a00072",72
62,"Appeal for School Funds, An","143","a00143",143
63,"Appearance of an approaching Rupture with France, On the","875","a00875",875
64,"Archibald Simpson Manuscript Sermons","1648","a01648",1648
65,"Argument from Miracles, The","1832","a01832",1832
66,"Argument from prophecy, The","1831","a01831",1831
67,"Argument from the excellent effects of Xtianity, The","1835","a01835",1835
68,"Argument from the excellent nature of Christianity, The","1834","a01834",1834
69,"Argument from the Life & Character of Jesus, The","1833","a01833",1833
70,"Arise ye and Depart","986","a00986",986
71,"As the Lord liveth, the man that hath done this thing shall surely die","1703","a01703",1703
72,"Ascension of our Lord, The","334","a00334",334
73,"Ascension, For the","1892","a01892",1892
74,"Ascension, On the","80","a00080",80
75,"Ascension, On the","189","a00189",189
76,"Ascension, On the","194","a00194",194
77,"Ascension, On the","222","a00222",222
78,"Ascension, On the","232","a00232",232
79,"Ascension, On the","233","a00233",233
80,"Ascension, On the","315","a00315",315
81,"Ascension, On the","326","a00326",326
82,"Ascension, On the","424","a00424",424
83,"Ascension, On the","1842","a01842",1842
84,"Ascension, On the","3013","a03013",3013
85,"Ascension, On the","3112","a03112",3112
86,"Ascensionis, In festo","383","a00383",383
87,"Ash Wednesday","338","a00338",338
88,"Ash Wednesday, On","314","a00314",314
89,"Ask now the beast, & they shall teach thee","1726","a01726",1726
90,"Asking for wisdom of God","2065","a02065",2065
91,"Asking in Jesus' Name, On","3101","a03101",3101
92,"Associating with sinners, On","415","a00415",415
93,"Assumption of Mary, On the","138","a00138",138
94,"Assumption of our Lady, On ye","46","a00046",46
95,"Assumption, On the","74","a00074",74
96,"Assumption, On the","82","a00082",82
97,"Assumption, On the","197","a00197",197
98,"Assumption, On the","249","a00249",249
99,"Assumption, On the","416","a00416",416
100,"Atonement of Christ, The","1899","a01899",1899
101,"Avarice, On","4067","a04067",4067
102,"Avoidance of sin, On the","103","a00103",103
103,"Awakening Sleepers to the Light of Christ","4004","a04004",4004
104,"Awaking from sleep &c.","2155","a02155",2155
105,"Baalam's [sic] Wish","3055","a03055",3055
106,"Backsliding ","1958","a01958",1958
107,"Balaam's Wish","3056","a03056",3056
108,"Baptism, On","1791","a01791",1791
109,"Baptism, On","1804","a01804",1804
110,"Baptism, On","3007","a03007",3007
111,"Baptism, On","4010","a04010",4010
112,"Baptism, On","4014","a04014",4014
113,"Be not conformed to this world","900","a00900",900
114,"Be not overmuch wicked ","2024","a02024",2024
115,"Be not weary in well-doing","2064","a02064",2064
116,"Be ye doers of the word","1693","a01693",1693
117,"Be Ye Perfect","868","a00868",868
118,"Become as little children","937","a00937",937
119,"Before or after Easter. Nature, ends & effects of the Death of Christ","1887","a01887",1887
120,"Behold, my Servant shall deal prudently","1709","a01709",1709
121,"Behold, the fear of the Lord, th[at] is Wisdom","1668","a01668",1668
122,"Being of a God, On the","1695","a01695",1695
123,"Being of a God, On the","2119","a02119",2119
124,"Being Ready for the Son of Man","4034","a04034",4034
125,"Belief in Christ","642","a00642",642
126,"Belief in God, On","3023","a03023",3023
127,"Benefit of the Corporation, For the ","1944","a01944",1944
128,"Best Christians unprofitable servants, The","1891","a01891",1891
129,"Betrayal of Christ, On","3043","a03043",3043
130,"Betrayest thou the Son o[f] man with a Kiss?","1716","a01716",1716
131,"Beware a Death Unprepared","4030","a04030",4030
132,"Bible and Salvation (1), On the","3011","a03011",3011
133,"Bible and Salvation (2), On the","3012","a03012",3012
134,"Binding up of the broken-hearted ","1975","a01975",1975
135,"Bishop, For the","2069","a02069",2069
136,"Bishop, For the","2164","a02164",2164
137,"Blameless living, Of","934z","a00934z",934
138,"Blasphemy against the Holy Ghost","984","a00984",984
139,"Blasphemy against the Holy Ghost","1894","a01894",1894
140,"Blessed are the Meek, On","3128","a03128",3128
141,"Blessed are the Poor in Spirit, On","3116","a03116",3116
142,"Blessed be the God & Father of our Lord Jesus Xt","1721","a01721",1721
143,"Blessed is the Man that Trusteth in the Lord","472","a00472",472
144,"Blessedness described in the first psalm, The ","1967","a01967",1967
145,"Blind Bartimeus","2150","a02150",2150
146,"Blood and Body of Christ, The","1006","a01006",1006
147,"Boast not of tomorrow","2153","a02153",2153
148,"Boasting [Witnessing] in God, On","3005","a03005",3005
149,"Bordley Funeral Sermon","892","a00892",892
150,"Both faith and works necessary to Salvation; ","1948","a01948",1948
151,"Burdens of sin, Of the","934oo","a00934oo",934
152,"Burial of Xt, On the","1020","a01020",1020
153,"But thou, when thou prayest, enter into thy Closet","669","a00669",669
154,"But thou, when thou prayest, enter into thy Closet","670","a00670",670
155,"By the Obedience of One shall many be made Righteous","1026","a01026",1026
156,"Can the Ethiopian change his skin, or the Leopard his spots?","1670","a01670",1670
157,"Candid expostulation with those, who trespass against us","2175","a02175",2175
158,"Care in hearing the Word","1930","a01930",1930
159,"Care of salvation, On the","276","a00276",276
160,"Case of the penitent thief, The","2156","a02156",2156
161,"Catechismum de Domini Cana, In","4021","a04021",4021
162,"Cause of Children Advocated, The","969a","a00969a",969
163,"Cause of Children Advocated, The","969","a00969",969
164,"Cause of young children advocated, The","970","a00970",970
165,"Caution against falling from Grace","1750","a01750",1750
166,"Ceasing to do evil ","2037","a02037",2037
167,"Celestial Glory, On","229","a00229",229
168,"Centurion's petition for his sick servant, The","2049","a02049",2049
169,"Certainty of Death, On the","976","a00976",976
170,"Certainty of Death, On the","1030","a01030",1030
171,"Certainty of future happiness, On the","1774","a01774",1774
172,"Character & errand of Ministers","2152","a02152",2152
173,"Character of a profitable resolution to amend ","2032","a02032",2032
174,"Character of Cornelius, The","2084","a02084",2084
175,"Character of Judas, On the","978","a00978",978
176,"Character of St Paul, On the","2130","a02130",2130
177,"Charge to the Newly Ordained, A","991c","a00991c",991
178,"Charity of Baltimore, The","114","a00114",114
179,"Charity to one's enemies, On","298","a00298",298
180,"Charity, --as defined by St Paul","1880","a01880",1880
181,"Charity, On","348","a00348",348
182,"Charity, On","349","a00349",349
183,"Charity, On","406","a00406",406
184,"Charity: John the Apostle","163","a00163",163
185,"Charity: Mark, VIII, 2","167","a00167",167
186,"Charity: The Neighbor","145","a00145",145
187,"Children of Light instructed how to walk, The","897","a00897",897
188,"Children, obey your Parents in the Lord","680","a00680",680
189,"Christ a propitiation for the sins of the world ","1977","a01977",1977
190,"Christ as Mediator","4041","a04041",4041
191,"Christ hath redeemed us from the curse of the law","809","a00809",809
192,"Christ Jesus our Lord","1022","a01022",1022
193,"Christ our deliverer and salvation","830","a00830",830
194,"Christ our head","934jj","a00934jj",934
195,"Christ tempted","934uu","a00934uu",934
196,"Christ the light of the World, On","832","a00832",832
197,"Christ the salvation of the end of the earth","2062","a02062",2062
198,"Christ's Crucifixion, Of","934w","a00934w",934
199,"Christ's Invitation to penitent Sinners","1742","a01742",1742
200,"Christ's Love for the Church","4029","a04029",4029
201,"Christ's Passion, Of","934gg","a00934gg",934
202,"Christ's Preaching to Spirits, On","3110","a03110",3110
203,"Christ's propitiation, Of","934cc","a00934cc",934
204,"Christ's reanimated body not imaginary, but real ","1987","a01987",1987
205,"Christ's Resurrection, Of","934j","a00934j",934
206,"Christian Charity","330","a00330",330
207,"Christian Conduct (1), On","3039","a03039",3039
208,"Christian Conduct (2), On","3040","a03040",3040
209,"Christian Conduct (3), On","3092","a03092",3092
210,"Christian Covenant, The","4037","a04037",4037
211,"Christian Parent, The","4031","a04031",4031
212,"Christian race, Of the","934r","a00934r",934
213,"Christian Race, The","1878","a01878",1878
214,"Christian Religion, On the","867","a00867",867
215,"Christian Sacrifice, The","1903","a01903",1903
216,"Christian Salvation","1907","a01907",1907
217,"Christian Salvation a deliverance from Sin ","2030","a02030",2030
218,"Christian Unity (1), On","3024","a03024",3024
219,"Christian Unity (2), On","3025","a03025",3025
220,"Christianity a spring of spiritual joy","2182","a02182",2182
221,"Christianity vindicated ","1959","a01959",1959
222,"Christmas","756","a00756",756
223,"Christmas","757","a00757",757
224,"Christmas Day, For","4035","a04035",4035
225,"Christmas in what Manner to be Kept","3076","a03076",3076
226,"Christmas Religion & Joy compatible, About","2061","a02061",2061
227,"Christmas [Two Sermons by John Coleman]","755","a00755",755
228,"Christmas, For","1793","a01793",1793
229,"Christmas, For ","1970","a01970",1970
230,"Christmas, For","2127","a02127",2127
231,"Church Musick","2201","a02201",2201
232,"Circumcision, On the","437","a00437",437
233,"Circumcision, On the","464","a00464",464
234,"Circumcision, On the","235m","a00235m",235
235,"City that is on an Hill cannot be hid, A","945","a00945",945
236,"Colossians 3:2, On","3089","a03089",3089
237,"Come unto me all ye that labour","1012","a01012",1012
238,"Comforting & edifying one another","2085","a02085",2085
239,"Coming of the Holy Ghost, On the","295","a00295",295
240,"Coming to Judgment","4002","a04002",4002
241,"Commandment to Love, On","3100","a03100",3100
242,"Commandment, On the 3rd.","278","a00278",278
243,"Commandments of God, The","4015","a04015",4015
244,"Commemoration of American Independence","135","a00135",135
245,"Communion, On","209","a00209",209
246,"Communion, On","224","a00224",224
247,"Communion, On","236","a00236",236
248,"Communion, On","260","a00260",260
249,"Communion, On","405","a00405",405
250,"Communion, On","410","a00410",410
251,"Communion, On","235i","a00235i",235
252,"Complaint of Sufferer","4007","a04007",4007
253,"Completion of a church, On","110","a00110",110
254,"Concerning the law of Moses ","2017","a02017",2017
255,"Concerning the Law of Moses, No. 2.","2018","a02018",2018
256,"Condemning one's neighbor, On","354","a00354",354
257,"Confessing of Christ before men, &c.","2151","a02151",2151
258,"Confession of sin, and its blessed Effects","2063","a02063",2063
259,"Confirmation","2141","a02141",2141
260,"Confirmation of faith, On the","117","a00117",117
261,"Confirmation, On","1918","a01918",1918
262,"Confirmation, On","1919","a01919",1919
263,"Confirmation: II Corinthians I, 21","132","a00132",132
264,"Confirmation: John, V","154","a00154",154
265,"Confirmation: Jude, V, 20","140","a00140",140
266,"Conforming our will to God, On","50","a00050",50
267,"Conformity to the World, Against","1864","a01864",1864
268,"Congregational discord, On","109","a00109",109
269,"Conscience void of offence, A","2184","a02184",2184
270,"Conscience, On","1829","a01829",1829
271,"Consideration of our ways","2190","a02190",2190
272,"Contemplation of Christ, The","477","a00477",477
273,"Contempt of the world, On the","107","a00107",107
274,"Contending for the faith ","1993","a01993",1993
275,"Contentment, On","1780","a01780",1780
276,"Continuing patiently in well-doing","2088","a02088",2088
277,"Contrition, On","344","a00344",344
278,"Convention Sermon","749","a00749",749
279,"Corinthians 11: 29, On 1","3140","a03140",3140
280,"Corr 1, 21, 1[First]","1643","a01643",1643
281,"Corrupt Clergy, A","842","a00842",842
282,"Corruption of Heart, On ","2048","a02048",2048
283,"Counsel of God & Future Glory","1870","a01870",1870
284,"Counsels of the Heart, On","3029","a03029",3029
285,"Covering sin; its evils, &c, &c ","1971","a01971",1971
286,"Creation","951","a00951",951
287,"Creed, On the ","273","a00273",273
288,"Creed, On the","385","a00385",385
289,"Creed, On the 10th Article of the ","263","a00263",263
290,"Creed, On the second article of the;","272","a00272",272
291,"Crime and Curse of Plundering, The","952","a00952",952
292,"Cross, On the","885","a00885",885
293,"Crowning with thorns, On the","433","a00433",433
294,"Crucifixion of The Flesh","1910","a01910",1910
295,"Cup of Blessing, The","999","a00999",999
296,"Daemoniac, The","748","a00748",748
297,"Danger of consenting to smaller offences, The","2205","a02205",2205
298,"Danger of ill advice, On the","1798","a01798",1798
299,"Danger of impenitence, On the","242","a00242",242
300,"Danger of Mocking Religion, The","657","a00657",657
301,"Danger of relapsing into former Sins, On ye","250","a00250",250
302,"Danger of riches, The","1821","a01821",1821
303,"Dangerous to live in sin","235f","a00235f",235
304,"Daniel & the Den of Lions","2051","a02051",2051
305,"Day of death better than the day of one's birth","2193","a02193",2193
306,"Day of judgment, On the","235l","a00235l",235
307,"Days of Darkness, On","3027","a03027",3027
308,"De Domini Cana.--un [sic. unum?] Deum","4047","a04047",4047
309,"Death as an Enemy, On","3003","a03003",3003
310,"Death Cannot Praise God","3127","a03127",3127
311,"Death of Edward Lloyd, On the","721","a00721",721
312,"Death of the Just, On the","231","a00231",231
313,"Death of the Old Year, On the","2179","a02179",2179
314,"Death, On","38","a00038",38
315,"Death, On","39","a00039",39
316,"Death, On","89","a00089",89
317,"Death, On","91","a00091",91
318,"Death, On","235d","a00235d",235
319,"Death, On","902","a00902",902
320,"Death, On Preparation for","95","a00095",95
321,"Death: Fragments","151","a00151",151
322,"Decay of Christianity, The","469","a00469",469
323,"Decree on the death of Pius VI","118","a00118",118
324,"Dedication of a chapel to the Virgin Mary, On the","63","a00063",63
325,"Dedication to God","476","a00476",476
326,"Defective righteousness of the Scribes & Pharisees","2097","a02097",2097
327,"Delaying to repent, On","291","a00291",291
328,"Delight in the Lord, On","3111","a03111",3111
329,"Delighting in God","1908","a01908",1908
330,"Deliverance from sea dangers","934qq","a00934qq",934
331,"Deliverance from sin, the End of Christ's coming","1700","a01700",1700
332,"Delusions of the world, On the","195","a00195",195
333,"Denial of the Existence of God, The","641","a00641",641
334,"Departing from Iniquity","2072","a02072",2072
335,"Descent into Hell, The","2177","a02177",2177
336,"Description of Judgment Day","4036","a04036",4036
337,"Desire of righteousness, Of the","1822","a01822",1822
338,"Detraction, On","218","a00218",218
339,"Detraction, On","1034","a01034",1034
340,"Devotion to Saints and their relics, On","81","a00081",81
341,"Devotion to the blessed virgin, On the","185","a00185",185
342,"Devotion, On","2202","a02202",2202
343,"Difficulty of Salvation, On the","255","a00255",255
344,"Discourse on Regulators in 1768","959","a00959",959
345,"Discourse on the Analogy between Christ crucified, & the brazen Serpent, A","981","a00981",981
346,"Discourses Delivered in Charleston","988","a00988",988
347,"Disease of Sin","4005","a04005",4005
348,"Displaying our light before men to the glory of God, On","2092","a02092",2092
349,"Dispositions for confession","258","a00258",258
350,"Dispositions necessary to receive profitably the Sacrament of penance, Of the","235p","a00235p",235
351,"Dispute with Papists (1), On the","3044","a03044",3044
352,"Dispute with Papists (2), On the","3045","a03045",3045
353,"Dispute with Papists (3), On the","3046","a03046",3046
354,"Dispute with Papists (4), On the","3047","a03047",3047
355,"Distinction between Doers & mere Hearers of the word","1752","a01752",1752
356,"Divine Assistance and Revelation, Concerning","3075","a03075",3075
357,"Divine goodness, On","43","a00043",43
358,"Divine Government the Joy of our World, The","946","a00946",946
359,"Divine Inspiration of the Scriptures, On the","1754","a01754",1754
360,"Divine Inspiration of the Scriptures, On the","1755","a01755",1755
361,"Divine Providence, Of a ","1847","a01847",1847
362,"Divine Wrath and Mercy, On","4028","a04028",4028
363,"Divinity of Christ & the Truth of His Revelation, The","633","a00633",633
364,"Doctrine of the Church, The","4026","a04026",4026
365,"Doctrine of the Triune God, The","639","a00639",639
366,"Doctrine, Morals, and Blasphemy, On","737","a00737",737
367,"Doing honor to priests, On","308","a00308",308
368,"Doubting, On","3016","a03016",3016
369,"Draw nigh to God","834","a00834",834
370,"Duties of a Xtian Minister, The","1778","a01778",1778
371,"Duties of Parents: Ephesians, VI, 4","160","a00160",160
372,"Duties Regarding the Sacrament of the Lord's Supper","1004","a01004",1004
373,"Duties Regarding the Sacrament of the Lord's Supper","1005","a01005",1005
374,"Duty in the Receiving of the Lord's Supper","1008","a01008",1008
375,"Duty of Man to his Creator, On the","980","a00980",980
376,"Duty of Parents to Educate their Children, The","649","a00649",649
377,"Duty of parents to their children, On the","1839","a01839",1839
378,"Duty of Praise, On the","1746","a01746",1746
379,"Duty of Submission to God, The","1767","a01767",1767
380,"Duty of Xtians under afflictions ","1946","a01946",1946
381,"Duty to God, On","44","a00044",44
382,"Duty towards children, On","192","a00192",192
383,"Dying unto sin, and living unto righteousness","1837","a01837",1837
384,"Ear & the eye -- proofs of the existence of a God, The","2091","a02091",2091
385,"Early piety, On","1792","a01792",1792
386,"Earth a Place of Troubles, The","644","a00644",644
387,"Earthly happiness, On","1808","a01808",1808
388,"Ease, Of","872","a00872",872
389,"Easiness of Christ's yoke, The","934rr","a00934rr",934
390,"Easter Duty","144","a00144",144
391,"Easter duty, On","234","a00234",234
392,"Easter duty, On","235","a00235",235
393,"Easter duty, On","313","a00313",313
394,"Easter duty, On","396","a00396",396
395,"Easter duty, On","429","a00429",429
396,"Easter Sermon","871","a00871",871
397,"Easter Sunday, On","328","a00328",328
398,"Easter, For","1799","a01799",1799
399,"Easter, For","1817","a01817",1817
400,"Easter, For","1889","a01889",1889
401,"Easter, For ","1939","a01939",1939
402,"Easter, For ","1986","a01986",1986
403,"Easter, For ","2027","a02027",2027
404,"Easter, For","2106","a02106",2106
405,"Easter, For","2139","a02139",2139
406,"Easter, On","375","a00375",375
407,"Easter, On","3042","a03042",3042
408,"Education, On","839","a00839",839
409,"Education, On","2099","a02099",2099
410,"Education, On","2105","a02105",2105
411,"Education, On","3096","a03096",3096
412,"Effects of Sin, Ye","235g","a00235g",235
413,"Eight Beatitudes, On ye","384","a00384",384
414,"Eighth Article of the Creed, On the","282","a00282",282
415,"Eighth Commandment, On the ","2005","a02005",2005
416,"Eleventh and twelfth articles of the Creed, On the","279","a00279",279
417,"Encouragement to persevere in well-doing ","1997","a01997",1997
418,"End and the Means, The","659","a00659",659
419,"End of Christ's giving himself for us ","2003","a02003",2003
420,"End of the perfect & upright man, The ","2020","a02020",2020
421,"Envy, On","1776","a01776",1776
422,"Ephiphany","459","a00459",459
423,"Epiphany, For the","1868","a01868",1868
424,"Epiphany, For the ","2016","a02016",2016
425,"Epiphany, For the","2100","a02100",2100
426,"Epiphany, For the","2131","a02131",2131
427,"Epiphany, For the","2161","a02161",2161
428,"Epiphany, On the","93","a00093",93
429,"Epiphany, On the","259","a00259",259
430,"Epiphany, On ye","290","a00290",290
431,"Episcopal Charitable Institution, For the","2180","a02180",2180
432,"Establishment of the Xn Church, On the","100","a00100",100
433,"Eternal life","2096","a02096",2096
434,"Eternity","275","a00275",275
435,"Eternity of God, On the","1759","a01759",1759
436,"Eternity, On","208","a00208",208
437,"Eternity, On","213","a00213",213
438,"Eternity, On","372","a00372",372
439,"Eucharist as Thanksgiving(1), On the","3079","a03079",3079
440,"Eucharist as Thanksgiving(2), On the","3080","a03080",3080
441,"Eucharist, On the","3081","a03081",3081
442,"Eucharist: Frequentation","158","a00158",158
443,"Eucharist: The Great Supper","162","a00162",162
444,"Eucharist: The Old Law and the New","127","a00127",127
445,"Evening Prayer, On","666","a00666",666
446,"Everlasting Life, On","3004","a03004",3004
447,"Every man shall receive his own reward, according to his own labour","1690","a01690",1690
448,"Every one that loveth is born of God","936","a00936",936
449,"Evil of Punishment, On the","3078","a03078",3078
450,"Evil, On","41","a00041",41
451,"Example of Nehemiah, The","2146","a02146",2146
452,"Examples to Christians","934tt","a00934tt",934
453,"Excellence of the Holy Scriptures, On the","1756","a01756",1756
454,"Excellency of the knowledge of Christ Jesus, The","2185","a02185",2185
455,"Except a man be born again He cannot see the Kingdom of God","979","a00979",979
456,"Except ye repent, ye shall all in like manner perish","925","a00925",925
457,"Excommunication of John Causse, On the","112","a00112",112
458,"Exhortation to fraternal Charity, An","238","a00238",238
459,"Exodus 33: 18-19, On","3135","a03135",3135
460,"Experience -- hope","2087","a02087",2087
461,"Ezek 33, 33 Sermon 2d","1637","a01637",1637
462,"Faith","131","a00131",131
463,"Faith","274","a00274",274
464,"Faith","277","a00277",277
465,"Faith & Good Works, Upon","302","a00302",302
466,"Faith & means necessary to a successful seeking of God ","1950","a01950",1950
467,"Faith and Patience, On","3008","a03008",3008
468,"Faith in God, On","3118","a03118",3118
469,"Faith the Gift of God. 1786","1707","a01707",1707
470,"Faith, Hope, and Charity","794","a00794",794
471,"Faith, On","210","a00210",210
472,"Faith, On","248","a00248",248
473,"Faith, On","341","a00341",341
474,"Faith, On","1737","a01737",1737
475,"Faithful discharge of duty, On a","2157","a02157",2157
476,"Faithful discharge of Duty, On a","2159","a02159",2159
477,"Fallacy of certain specious doctrines detected, The","1823","a01823",1823
478,"False Prophets","129","a00129",129
479,"False Prophets","142","a00142",142
480,"False prophets, On","56","a00056",56
481,"Farewell Sermon","923","a00923",923
482,"Fast (May 9, 1798), For the","2142","a02142",2142
483,"fast appointed by public authority, for a","681","a00681",681
484,"Fast on account of the Philadelphia Epidemic ","1962","a01962",1962
485,"Fast Sermon Preached in 1756 on I Kings 21:29, A","468","a00468",468
486,"Fast Sermon, A","934ff","a00934ff",934
487,"Fasting, On","85","a00085",85
488,"Fasting, On","201","a00201",201
489,"Fasting, On","320","a00320",320
490,"Fasting, On","350","a00350",350
491,"Fasting, On","373","a00373",373
492,"Fate of the Unrighteous","1924","a01924",1924
493,"Fear of God, On the","1761","a01761",1761
494,"Fear of the Lord, On","738","a00738",738
495,"Fear of the Lord, On","3028","a03028",3028
496,"Fear, & service of god, The ","13","a00013",13
497,"Feast of All Saints, On the","204","a00204",204
498,"Feast of All Saints, On the","419","a00419",419
499,"Feast of All Saints, On the","425","a00425",425
500,"Feast of all Saints, The","55","a00055",55
501,"Feast of Corpus Christi, On the","96","a00096",96
502,"Feast of Corpus Christi, On the","181","a00181",181
503,"Feast of Corpus Christi, On the","205","a00205",205
504,"Feast of Corpus Christi, On the","237","a00237",237
505,"Feast of Corpus Christi, On the","303","a00303",303
506,"Feast of Lent, On the","450","a00450",450
507,"Feast of St. Ignatius, On the","75","a00075",75
508,"Feast of St. Ignatius, On the","101","a00101",101
509,"Feast of the name of Jesus, On the","463","a00463",463
510,"Feast of the Sacred Heart, On the","61","a00061",61
511,"Fervent in Spirit","803","a00803",803
512,"Festa Sancti P. Ignatii, In","402","a00402",402
513,"First Commandment, On the","268","a00268",268
514,"First Commandment, On the","428","a00428",428
515,"First commandment, On the ","2000","a02000",2000
516,"Five Sermons by George Goundril","882","a00882",882
517,"Five Sermons by John Coleman","823","a00823",823
518,"Folly of making a mock at sin","2154","a02154",2154
519,"Fools make a Mock at Sin","836","a00836",836
520,"For Adven","1920","a01920",1920
521,"For Advent. The religion of the ancient & modern heathen","1921","a01921",1921
522,"For Christmas","1923","a01923",1923
523,"For of such is the Kingdom of Heaven","1677","a01677",1677
524,"For the Epiphany","1926","a01926",1926
525,"For the Thanksgiving-day, 1792","1915","a01915",1915
526,"Force of Truth, The","662","a00662",662
527,"Forgetting those things which are behind","1691","a01691",1691
528,"Form with the power, The ","2044","a02044",2044
529,"Fornication and Uncleanness, On","4","a00004",4
530,"Fortitude & resolution, of","934g","a00934g",934
531,"Founded on the event of the Pool of Bethesda ","2023","a02023",2023
532,"Four Sermons [by Hatch Dent]","865","a00865",865
533,"Fourtie eight sermons preached by Mr. Robert Paxton","934","a00934",934
534,"Fraud, On","3097","a03097",3097
535,"Free Schools, For the","1802","a01802",1802
536,"Free Schools, For the","1841","a01841",1841
537,"Free Will, On","745","a00745",745
538,"Freedom is a blessing","932a","a00932a",932
539,"Frequent communion <i>after easter</i>, On","178","a00178",178
540,"Frequent communion, On","420","a00420",420
541,"Friends, On","3137","a03137",3137
542,"Friendship compatible with Christianity","2198","a02198",2198
543,"Friendship of the World, The","1913","a01913",1913
544,"From John XII, 13, No. 1","1884","a01884",1884
545,"Frontier-mission, For the ","1963","a01963",1963
546,"Fruit of the Spirit, The","797","a00797",797
547,"Fruit of the Spirit, The ","1992","a01992",1992
548,"Fruits meet for repentance","2094","a02094",2094
549,"Fruits of the Cross","2165","a02165",2165
550,"Fruits of the Spirit, The","1673","a01673",1673
551,"Fruits of the Spirit, The","4017","a04017",4017
552,"Fruits required from men are proportioned to their advantages.","1820","a01820",1820
553,"Fruits ye criterion of character","2163","a02163",2163
554,"Fulness of Time, The","1723","a01723",1723
555,"Fund proposed in Canon 16th, For the ","1981","a01981",1981
556,"Funeral of a Young Girl, At the","3002","a03002",3002
557,"Funeral of Anne Lloyd, On the","720","a00720",720
558,"Funeral sermon","2168","a02168",2168
559,"Funeral Sermon","4048","a04048",4048
560,"Funeral Sermon for Benjamin Howard, Esq.","4032","a04032",4032
561,"Funeral Sermon for J. Wells","3060","a03060",3060
562,"Funeral Sermon for Mrs. Nancy Austin","648","a00648",648
563,"Funeral Sermon Jan. 1799","753","a00753",753
564,"Funeral Sermon on Col. 3:3-4.","3059","a03059",3059
565,"Funeral Sermon on Job 14:2","3061","a03061",3061
566,"Funeral Sermon on Proverbs 23:25","3058","a03058",3058
567,"Funeral sermon on younger Robert Carter at Nomini","915","a00915",915
568,"Funeral Sermon Preached By the Reverend Father Robert Harding, A","245","a00245",245
569,"Funerals, On","3000","a03000",3000
570,"Future happiness, Of","934q","a00934q",934
571,"Future Judgement, On a","1805","a01805",1805
572,"Future state of existence & its consolations, On a","2199","a02199",2199
573,"General Judgmt","340","a00340",340
574,"Genuine Love of God, On","831","a00831",831
575,"Give us this day our daily bread","2120","a02120",2120
576,"Giving Alms, On","438","a00438",438
577,"Giving scandal, On","69","a00069",69
578,"Gluttony, On","351","a00351",351
579,"Go ye therefore & teach all nations","985","a00985",985
580,"God is a Spirit","2133","a02133",2133
581,"God is faithful, who will not suffer you to be tempted above that ye are able","1730","a01730",1730
582,"God is Love","746","a00746",746
583,"God is not a man that he should lie","1683","a01683",1683
584,"God ought to be served rather than Baal ","1942","a01942",1942
585,"God the only source of comfort, support, & protection","1850","a01850",1850
586,"God's Design","3077","a03077",3077
587,"God's Forbearance and Judgment","3070","a03070",3070
588,"God's help--A Confirmation Sermon","926","a00926",926
589,"God's mercy towards sinners, On","390","a00390",390
590,"God's mercy, On","2","a00002",2
591,"God's patience towards sinners, On","339","a00339",339
592,"God's Power Over Human Life, On","3001","a03001",3001
593,"God's protection, On","744","a00744",744
594,"God's Revelation of Himself, On","3019","a03019",3019
595,"God's Reveleation, Sermon on","3130","a03130",3130
596,"Godliness ","1952","a01952",1952
597,"Godliness maketh Happy","934ii","a00934ii",934
598,"Godliness profitable unto all things ","2043","a02043",2043
599,"Godly & worldly sorrow, with their effects ","2045","a02045",2045
600,"Good Conscience, On","919","a00919",919
601,"Good Friday, For","1747","a01747",1747
602,"Good Friday, For","1800","a01800",1800
603,"Good Friday, For","1818","a01818",1818
604,"Good Friday, For","1888","a01888",1888
605,"Good Friday, For","2172","a02172",2172
606,"Good Friday, For","4019","a04019",4019
607,"Good Friday, On","904a","a00904a",904
608,"Good Government, On","866","a00866",866
609,"Good Life, The Necessity of","3123","a03123",3123
610,"Good name, A ","2002","a02002",2002
611,"Good Samaritan, The ","2012","a02012",2012
612,"Good Use of Time, On ye","324","a00324",324
613,"Good works, On","408","a00408",408
614,"Goodness & mercy of God manifested to all","2082","a02082",2082
615,"Goodness & Security of God in the sufferings of Christ, The","1680","a01680",1680
616,"Goodness and Bounty of God, The","473","a00473",473
617,"Goodness of God ","1973","a01973",1973
618,"Goodness of God, On the","1863","a01863",1863
619,"Gospel light","934hh","a00934hh",934
620,"Gospel No Cause for Shame, The","646","a00646",646
621,"Gospel only profitable, A","896","a00896",896
622,"Gospel preached to the dead, The","2108","a02108",2108
623,"Gospel redeems Men from the bondage of Sin, The","1883","a01883",1883
624,"Gospel the power of God, The","2129","a02129",2129
625,"Gospel, On the","149","a00149",149
626,"Gospel, On the","319","a00319",319
627,"Gospel-conversation, On a","1854","a01854",1854
628,"Government of our Passions & Affections, The ","1976","a01976",1976
629,"Government of the thoughts, On the","1826","a01826",1826
630,"Government of the whole man, The ","1978","a01978",1978
631,"Grace of God, The","2112","a02112",2112
632,"Grace, On","171","a00171",171
633,"Grace, On","191","a00191",191
634,"Grace, On","193","a00193",193
635,"Grace, On","2078","a02078",2078
636,"Gracious Declarations of Christ in favor of Little Children, On the","974","a00974",974
637,"Gracious Declarations of Christ in favor of little children, On the","975","a00975",975
638,"Grand moral Design of the Gospel, The","1901","a01901",1901
639,"Gratitude","2169","a02169",2169
640,"Gratitude to God, On","967","a00967",967
641,"Great Commandment, On the","98","a00098",98
642,"Great commission, On the","364","a00364",364
643,"Great is the Mystery of Godliness","1733","a01733",1733
644,"Greed, On","202","a00202",202
645,"Grieving the Spirit","2111","a02111",2111
646,"Guarding against detraction from good qualities, On","1795","a01795",1795
647,"Habitual Grace, On","207","a00207",207
648,"Hacknied commendation of a good heart ","2029","a02029",2029
649,"Hail Mary, On the","73","a00073",73
650,"Hallowed be thy name","2115","a02115",2115
651,"Happiness of God, On the","1862","a01862",1862
652,"Happiness of God, On the","4018","a04018",4018
653,"happiness of heaven, On the","120","a00120",120
654,"Happiness, On","199","a00199",199
655,"Happiness, On","235s","a00235s",235
656,"Hardened thro' the deceitfulness of sin","1684","a01684",1684
657,"Hast thou found honey ","1933","a01933",1933
658,"Having heard the word, keep it, & bring forth fruit","1717","a01717",1717
659,"He hath appointed a Day, in the which he will judge the World in righteousness","1689","a01689",1689
660,"He is not a Jew, which is one outwardly","939","a00939",939
661,"He that spared not his own Son ","1","a00001",1
662,"He, on whom the Lord will look ","2014","a02014",2014
663,"Hearing sermons diligently, On","312","a00312",312
664,"Hearing the word, On ","2025","a02025",2025
665,"Heaven (1), On","3033","a03033",3033
666,"Heaven (2), On","3034","a03034",3034
667,"Heaven (3), On","3035","a03035",3035
668,"Heaven (4), On","3036","a03036",3036
669,"Heavenly Conversation, On","3026","a03026",3026
670,"Heavenly-mindedness, On ","1955","a01955",1955
671,"Hell, On","3018","a03018",3018
672,"Historical Account of Our Saviour, The","3074","a03074",3074
673,"History of the Resurrection of Jesus, The ","1940","a01940",1940
674,"History of the Resurrection, On the ","1941","a01941",1941
675,"Holiness, On","4042","a04042",4042
676,"Holy Catholic Church, On the","150","a00150",150
677,"Holy Communion, On the","1743","a01743",1743
678,"Holy Communion, On the","1781","a01781",1781
679,"Holy Eucharist, On the","1736","a01736",1736
680,"Holy Ghost's descent, Of the","934x","a00934x",934
681,"Holy Orders: Hebrews, V","134","a00134",134
682,"Holy Orders: John, XV, 16","116","a00116",116
683,"Holy Orders: Responsibilities","147","a00147",147
684,"Holy Sacrifice of Mass, Upon the","332","a00332",332
685,"Holy Spirit, On the","51","a00051",51
686,"Holy Trinity Congregation, To","113","a00113",113
687,"Homily of the State of Matrimony, An","718","a00718",718
688,"Homily on the concluding part of the 2d. ch. of S. Luke","136","a00136",136
689,"Honor, On","3121","a03121",3121
690,"Honors due to religion, On the","122","a00122",122
691,"Hope in God","2123","a02123",2123
692,"Hope in God, On","244","a00244",244
693,"Hope, Of","235e","a00235e",235
694,"Hope, On","252","a00252",252
695,"Hope, On","820","a00820",820
696,"Hour of Christ, The","664","a00664",664
697,"How can ye escape the Damnation of Hell","1013","a01013",1013
698,"How to hear mass wh devotion","48","a00048",48
699,"Human ingratitude","235h","a00235h",235
700,"Human self-deception","1879","a01879",1879
701,"Humiliation & its happy consequences","2086","a02086",2086
702,"Humiliations and afflictions, On","441","a00441",441
703,"Humility and Prayer, On ","11","a00011",11
704,"Humility, Of","934e","a00934e",934
705,"Humility, On","393","a00393",393
706,"Humility, On","1815","a01815",1815
707,"Humility, On","4011","a04011",4011
708,"Hunger and Thirst for Righteousness, On the","3083","a03083",3083
709,"Hypocrisy in Religion","635","a00635",635
710,"I am a Companion of all of them that fear thee","1679","a01679",1679
711,"I am with you always","1667","a01667",1667
712,"I am with you always","1674","a01674",1674
713,"I have lived in all good conscience before God","917","a00917",917
714,"I know that thou wilt bring me to Death","1696","a01696",1696
715,"If the Son therefore shall make you free, ye shall be free indeed","1712","a01712",1712
716,"If thou wilt enter into life, keep the Commandments","1702","a01702",1702
717,"If ye live after the flesh ye shall die","899","a00899",899
718,"Imitating Christ's Life, On","3125","a03125",3125
719,"Imitating God, Of","934f","a00934f",934
720,"Immaculate Conception, On the","215","a00215",215
721,"Immaculate Conception, On the","215","a00215",215
722,"Immaculate Conception, On the","3017","a03017",3017
723,"Immensity of God, On the","1764","a01764",1764
724,"Immortality of the Soul, On the","1788","a01788",1788
725,"Immortality, On","2208","a02208",2208
726,"Immutability of God, On the","743","a00743",743
727,"Immutability of God, On the","1763","a01763",1763
728,"Impiety & Folly of Dependence upon the World, The","638","a00638",638
729,"Importance of Knowledge, The","663","a00663",663
730,"Importance of Salvation, On the","121","a00121",121
731,"Importance of Salvation, The","461","a00461",461
732,"Importance of works, On the","356","a00356",356
733,"Impossibility of Serving God & Mammon, The","1900","a01900",1900
734,"In my prosperity I said, I shall never be moved","1697","a01697",1697
735,"In Praise of God","726","a00726",726
736,"In trust with the Gospel","792","a00792",792
737,"Incentives to holiness","1819","a01819",1819
738,"Increase in grace, On","267","a00267",267
739,"Inefficacy of morality without faith, The","1753","a01753",1753
740,"Infallibility of the Church, On the","235t","a00235t",235
741,"Infallibility, On","187","a00187",187
742,"Infant's Cause advocated, The","971","a00971",971
743,"Infant's Cause advocated, The","972","a00972",972
744,"Infant's Cause advocated, The","973","a00973",973
745,"Inferno, De ","168","a00168",168
746,"Infidelity","126","a00126",126
747,"Infidelity","159","a00159",159
748,"Ingratitude to God, On","216","a00216",216
749,"Inimitable goodness & excellence of the Saviour, The ","1935","a01935",1935
750,"Innocence, On","392","a00392",392
751,"Insisting of the law and the prophets","2095","a02095",2095
752,"Intercession of Christ, On the","1794","a01794",1794
753,"Introduction of the Book of Common Prayer, On the","1828","a01828",1828
754,"Inward light, On","693","a00693",693
755,"It is a fearful thing to fall into the Hands of the living God","1692","a01692",1692
756,"It is appointed unto man once to die","1017","a01017",1017
757,"Jail, For the","1782","a01782",1782
758,"James 1:22, On","3085","a03085",3085
759,"Jesus Christ our Lord","2098","a02098",2098
760,"Jesus put forth his hand","1719","a01719",1719
761,"Jesus Xt was sent to bless men, & to reclaim them from sin","1890","a01890",1890
762,"Jesus, Light of the World, On","3015","a03015",3015
763,"Jews, Sin, and the Law, On","908","a00908",908
764,"Job 29: 11-13, On","3138","a03138",3138
765,"Joel & Micah reconciled","2073","a02073",2073
766,"Joel 1: 14-15, On","3103","a03103",3103
767,"Jonah, The History of","1893","a01893",1893
768,"Joshua's Resolution","758","a00758",758
769,"Joshua's Resolution ","1995","a01995",1995
770,"Journal of my Mission to Virginia, A","4065","a04065",4065
771,"Joy in Prosperity","1846","a01846",1846
772,"Joy of Keeping Sacred the Lord's Day, The","650","a00650",650
773,"Joy of the Lord is your strength, The","812","a00812",812
774,"Joy, On","3098","a03098",3098
775,"Jubilee Year","166","a00166",166
776,"Jubilee, On the approaching","190","a00190",190
777,"Judgement","254","a00254",254
778,"Judgement of the World, The","1895","a01895",1895
779,"Judging One another ","2046","a02046",2046
780,"Judgment","226","a00226",226
781,"Judgment, On","77","a00077",77
782,"Judgment, On","186","a00186",186
783,"Judgment, On","251","a00251",251
784,"Judgment, On","346","a00346",346
785,"Judgment, On","394","a00394",394
786,"Judgment, On","403","a00403",403
787,"Just shall live by Faith, The","877","a00877",877
788,"Justice and Equity","934bb","a00934bb",934
789,"Justice between Master & Servant ","1966","a01966",1966
790,"Justice of God, On the","1865","a01865",1865
791,"Justice of God, On the","4049","a04049",4049
792,"Justice twixt Rulers & Citizens ","1964","a01964",1964
793,"Justice, On","219","a00219",219
794,"Justice, On","1796","a01796",1796
795,"Justification by Christ's blood ","2008","a02008",2008
796,"Justification through Christ ","1965","a01965",1965
797,"Justification through Christ","4020","a04020",4020
798,"Justification through Christ","4061","a04061",4061
799,"Justified by faith","901","a00901",901
800,"Keys of Hell and Death, On","3105","a03105",3105
801,"Kingdom come, Thy","798","a00798",798
802,"Kingdom come, Thy","800","a00800",800
803,"Kingdom of God shall be taken from you, The","960","a00960",960
804,"Last Judgment, On the","759","a00759",759
805,"Last Judgment, On Works Revealed at","3122","a03122",3122
806,"Last Judgment, The","161","a00161",161
807,"Laying-up Treasures in Heaven, On","1768","a01768",1768
808,"Lead us not into temptation","2121","a02121",2121
809,"Lecture delivered at Marsh creek January 8th. 1794, A","995","a00995",995
810,"Lecture upon 2 Sam 24 Ch, A","1644","a01644",1644
811,"Lent, For","2136","a02136",2136
812,"Lent: Fasting","141","a00141",141
813,"Lent: The Parable of the Sower","130","a00130",130
814,"Let me die the death of the righteous","1739","a01739",1739
815,"Let not the wise man glory in his wisdom","914","a00914",914
816,"Let us not be weary in well-doing","1018","a01018",1018
817,"Let us not be weary in well-doing","1685","a01685",1685
818,"Let us run with Patience the Race","665","a00665",665
819,"Let us therefore fear","1676","a01676",1676
820,"Let your Requests be made known unto God","677","a00677",677
821,"Life & immortality bro't to life by Xt ","1988","a01988",1988
822,"Life and Doctrine of Christ, The","3073","a03073",3073
823,"Life everlasting","264","a00264",264
824,"Light for the Righteous","1990","a01990",1990
825,"Lisbon Earthquake, About","694","a00694",694
826,"Liturgy, On the","1856","a01856",1856
827,"Liturgy, On the","1857","a01857",1857
828,"Liturgy, On the","1858","a01858",1858
829,"Living a good life, Of","934l","a00934l",934
830,"Living a Holy Life","661","a00661",661
831,"Living Fully in Faith","4012","a04012",4012
832,"Living Fully in Faith through Christ","4022","a04022",4022
833,"Living the Christian Religion","4046","a04046",4046
834,"Living unto Him, who died &c &c.","2070","a02070",2070
835,"Living unto the Lord","2204","a02204",2204
836,"Looking unto Jesus","2071","a02071",2071
837,"Lord -- Man's Shepherd, The","1859","a01859",1859
838,"Lord Day Aft:","991b","a00991b",991
839,"Lord's Day","990","a00990",990
840,"Lord's Day Morn:","989","a00989",989
841,"Lord's Day Morn:","991a","a00991a",991
842,"Lord's Prayer, On","4045","a04045",4045
843,"Lord's Supper (2), On the","3021","a03021",3021
844,"Lord's Supper, Of the","934nn","a00934nn",934
845,"Lord's Supper, On the ","822","a00822",822
846,"Lord's Supper, On the","3020","a03020",3020
847,"Loss and gain of the soul","934vv","a00934vv",934
848,"Love not the World","1699","a01699",1699
849,"Love of Brethren","2054","a02054",2054
850,"Love of Christ, On","3131","a03131",3131
851,"Love of God in redemption, The","2055","a02055",2055
852,"Love of God in the salvation of man, The","963","a00963",963
853,"Love of God, On the","1760","a01760",1760
854,"love of Jesus, On the","821","a00821",821
855,"Love of our neighbor, Of ye","398","a00398",398
856,"Love of the World, On","870","a00870",870
857,"Love, Of","934ee","a00934ee",934
858,"Love, On","3030","a03030",3030
859,"Loving men more than Christ, On","1789","a01789",1789
860,"Loving Not the World, On","3115","a03115",3115
861,"Loving of Enemies ","1961","a01961",1961
862,"Loving one another, Of","934i","a00934i",934
863,"Loving our enemies, On","399","a00399",399
864,"Lukewarm Christians, On","306","a00306",306
865,"Madgalain, or ye. Poenitent Sinner","335","a00335",335
866,"Man's blessed End, Of","934t","a00934t",934
867,"Manner of our Lord's introducing his prayer, The","2113","a02113",2113
868,"Mark the perfect Man, and behold the upright","672","a00672",672
869,"Marks of a true Xtian ","1989","a01989",1989
870,"Marks of Religious Sincerity","2188","a02188",2188
871,"Marriage","217","a00217",217
872,"Marriage of Cana of Galilee, The ","1929","a01929",1929
873,"Marriage, On","342","a00342",342
874,"Marriage, On","388","a00388",388
875,"Marriage, On","455","a00455",455
876,"Marriage, On","456","a00456",456
877,"Mary's better choice ","1999","a01999",1999
878,"Mass, 1st Discourse on the","322","a00322",322
879,"Mass, 3rd Discourse on the","323","a00323",323
880,"Mass, On the","426","a00426",426
881,"Matrimony: John, II, 1-2","155","a00155",155
882,"Men reject the Gospel, because their deeds are evil ","1954","a01954",1954
883,"Mercy of God, On the","1762","a01762",1762
884,"Mercy towards children, On","156","a00156",156
885,"Mercy, On","1811","a01811",1811
886,"merry heart, A","838","a00838",838
887,"Merry Sermon, The","3063","a03063",3063
888,"Method of Confessing","1031","a01031",1031
889,"Miracles, On","3038","a03038",3038
890,"Mission of Moses & Aaron to Pharaoh, The","2083","a02083",2083
891,"Mixture of good & bad, The","2134","a02134",2134
892,"Mixture of rich and poor ","2036","a02036",2036
893,"Moderation","2132","a02132",2132
894,"Moderation, Of","934aa","a00934aa",934
895,"Mortal Sin, On","230","a00230",230
896,"Mortal sin, On","421","a00421",421
897,"Mortification ","1982","a01982",1982
898,"Mortification of our passions, On the","442","a00442",442
899,"Mortification of Passions","271","a00271",271
900,"Murder, On","1749","a01749",1749
901,"Nativity of Christ","225","a00225",225
902,"Nativity of our Lord, On ye","1033","a01033",1033
903,"Nativity, On the","64","a00064",64
904,"Nativity, On the","71","a00071",71
905,"Nativity, On the","86","a00086",86
906,"Nativity, On the","87","a00087",87
907,"Nativity, On the","94","a00094",94
908,"Nativity, On the","289","a00289",289
909,"Nativity, On the","310","a00310",310
910,"Nativity, On the","318","a00318",318
911,"Nativity, On the","436","a00436",436
912,"Nativity, On the","440","a00440",440
913,"Nativity, On the","458","a00458",458
914,"Natural religion no superseding revealed","1877","a01877",1877
915,"Natural State of Man","4003","a04003",4003
916,"Nature & Advantages of dying in the Lord, The","1748","a01748",1748
917,"Nature and necessity of holy Resolution, The","4050","a04050",4050
918,"Nature and necessity of holy Resolution, The","4051","a04051",4051
919,"Nature of God, On the","891","a00891",891
920,"Nature of Love to God & Christ","772","a00772",772
921,"Nature of Sin, On","4044","a04044",4044
922,"Nature of the kingdom & righteousness of God, On the","1772","a01772",1772
923,"Necessity of good works, On the","54","a00054",54
924,"Necessity of improving the religious advantages, The","1786","a01786",1786
925,"Necessity of knowing & loving the divine law, The","2101","a02101",2101
926,"Necessity of Revelation, The","1827","a01827",1827
927,"Necessity of Virtue in order to Happiness, The","1708","a01708",1708
928,"Necessity of Watchfulness & Prayer, The","640","a00640",640
929,"Neglecting daily graces, On","119","a00119",119
930,"Neglecting small duties, On ","5","a00005",5
931,"Neither Circumcision availeth anything, no[r] uncircumcision, but a new Creature","1681","a01681",1681
932,"Neither Poverty Nor Riches","658","a00658",658
933,"New Creatures in Christ","4043","a04043",4043
934,"New Year","771","a00771",771
935,"New Year & Nature","770","a00770",770
936,"New Year 1792, For the","1867","a01867",1867
937,"New Year 1796, For the","2060","a02060",2060
938,"New Year, For the ","2015","a02015",2015
939,"New Year, For the","2160","a02160",2160
940,"New-Year, For the ","1972","a01972",1972
941,"Ninth Article","445","a00445",445
942,"Ninth Commandment, On the ","2006","a02006",2006
943,"No chastening for the present seemeth to be joyous","1735","a01735",1735
944,"No continuing city here","2058","a02058",2058
945,"No earthly good to stand in the way of our eternal welfare","2171","a02171",2171
946,"Not many wise men","2059","a02059",2059
947,"Not to be slothful in business","1869","a01869",1869
948,"Notes on Hebrews 11, 6","773","a00773",773
949,"Now then we are Ambassadors for Christ","791","a00791",791
950,"O that they were wise","1678","a01678",1678
951,"Obedience neither impossible, nor extremely difficult ","2031","a02031",2031
952,"Obedience to God, On","407","a00407",407
953,"Obedience to God, On","235b","a00235b",235
954,"Obedience to God, On","3022","a03022",3022
955,"Obedience, On","369","a00369",369
956,"Objection from the number, the abilities, & the virtue of infidels refuted, The","1855","a01855",1855
957,"Objections against Christianity removed","1853","a01853",1853
958,"Observance of God's Commandments, The","660","a00660",660
959,"Observance of the Seventh day, On the","2056","a02056",2056
960,"Observation of the Sabbath, On the","1775","a01775",1775
961,"Occasioned by the third visitation of Baltimore by the Yellow Fever","2191","a02191",2191
962,"Office of the Preacher, The","826","a00826",826
963,"Offices of the Church, On","3006","a03006",3006
964,"Omnipotence of God, The","1861","a01861",1861
965,"Omniscience of God","1860","a01860",1860
966,"One Thing Needful, The","950","a00950",950
967,"Opening of the Chappel Amelia, At the","1669","a01669",1669
968,"Ordination, On ","361","a00361",361
969,"Ordination, On","362","a00362",362
970,"Origin of Love, The","964","a00964",964
971,"Our Father, which art in Heaven","2114","a02114",2114
972,"Our fellowship is with the Father & with his son","993","a00993",993
973,"Our last end, On","283","a00283",283
974,"Our Lord's Incarnation, Of","934y","a00934y",934
975,"Our Lord, Of","241","a00241",241
976,"Out of the Heart proceed evil Thoughts, For","725","a00725",725
977,"Over-righteousness","1849","a01849",1849
978,"Overcoming evil with good","2135","a02135",2135
979,"Pain of loss, On ye","88","a00088",88
980,"Pain of loss, On ye","92","a00092",92
981,"Palm Sunday, On","266","a00266",266
982,"Parable of Lazarus, On the","3120","a03120",3120
983,"Parable of the Housholder, The","1851","a01851",1851
984,"Parable of the lost Sheep & piece of Silver, The ","1947","a01947",1947
985,"Parable of the prodigal son, On the","1784","a01784",1784
986,"Parable of the rich man and Lazarus, The","2080","a02080",2080
987,"Parable of the Sower, The","775","a00775",775
988,"Parable of the Sower, The","934ll","a00934ll",934
989,"Parable of the Steward, On","3106","a03106",3106
990,"Parable of the two sons, The ","1994","a01994",1994
991,"Parable of the Unjust Steward, The","1848","a01848",1848
992,"Parable of the Vineyard let to husbandmen, The","1885","a01885",1885
993,"Pardoning Mercy","774","a00774",774
994,"Pardoning one's enemies, On","377","a00377",377
995,"Pardoning our Enemies, On","66","a00066",66
996,"Parents and Children, On","3037","a03037",3037
997,"Passion and Resurrection, On the","106","a00106",106
998,"Passion of Christ, On the","60","a00060",60
999,"Passion of Christ, On the","200","a00200",200
1000,"Passion of Xt, On the","1023","a01023",1023
1001,"Passion Sermon","329","a00329",329
1002,"Passion, On the","269","a00269",269
1003,"Passion, On the","293","a00293",293
1004,"Passion, On the","300","a00300",300
1005,"Passion, On the","352","a00352",352
1006,"Passion, On the","382","a00382",382
1007,"Pastoral duties, On","235u","a00235u",235
1008,"Path of the just is as the shining Light, The","1698","a01698",1698
1009,"Patience of God, On the","53","a00053",53
1010,"Patience, Of","934n","a00934n",934
1011,"Patience, On","843","a00843",843
1012,"Patient forbearance of God, On the","1797","a01797",1797
1013,"Patriotism, On","3094","a03094",3094
1014,"Payment of tribute to Caesar, The","1916","a01916",1916
1015,"Peace and Tribulation","653","a00653",653
1016,"Peace dispensed by Xt to his disciples, The ","1991","a01991",1991
1017,"Peace from Loving God's Law, On","3084","a03084",3084
1018,"Peace I leave with you","996","a00996",996
1019,"Peace of Jesus Christ, On the","170","a00170",170
1020,"Peace to the Wicked, On No","3133","a03133",3133
1021,"Peace, Of","934p","a00934p",934
1022,"Peace, On","309","a00309",309
1023,"Penance","128","a00128",128
1024,"Penance","157","a00157",157
1025,"Penance, On","84","a00084",84
1026,"Penance, On","137","a00137",137
1027,"Penance, On","345","a00345",345
1028,"Penance, On","411","a00411",411
1029,"Penance, On","412","a00412",412
1030,"Penance, On","449","a00449",449
1031,"Penance, On","1032","a01032",1032
1032,"Pentecost","164","a00164",164
1033,"Pentecost","165","a00165",165
1034,"Pentecost Day, On","253","a00253",253
1035,"Pentecost, On","125","a00125",125
1036,"Pentecost, On","212","a00212",212
1037,"Pentecost, On","363","a00363",363
1038,"Pentecost, On","380","a00380",380
1039,"Pentecost, On","435","a00435",435
1040,"Pentecost, On","454","a00454",454
1041,"Perfection required, On the","1825","a01825",1825
1042,"Perseverance in Faith & Hope","2147","a02147",2147
1043,"Perseverance, Of","386","a00386",386
1044,"Persuasive to charity","1769","a01769",1769
1045,"Persuasive to charity","1790","a01790",1790
1046,"Peter's Denial of his Lord","911","a00911",911
1047,"Petition of the Mother of Zebedee's Children, From the","2081","a02081",2081
1048,"Pharisee & the Publican, The ","1953","a01953",1953
1049,"Phillipians 2d Ch & 8 vs.","1617","a01617",1617
1050,"Pleasantness of religion, The","1816","a01816",1816
1051,"Pleasing Man and God, 2, On","3126a","a03126a",3126
1052,"Pleasing Men and God, On","3126","a03126",3126
1053,"Poor, On the","3091","a03091",3091
1054,"Power of bad habits, The","1881","a01881",1881
1055,"Power of the Gospel, The","784","a00784",784
1056,"Praise, On","1745","a01745",1745
1057,"Prayer, On","179","a00179",179
1058,"Prayer, On","316","a00316",316
1059,"Prayer, On","358","a00358",358
1060,"Prayer, On","1824","a01824",1824
1061,"Preach the Word","962","a00962",962
1062,"Preparation for Death, On","198","a00198",198
1063,"Preparation for Death, On","214","a00214",214
1064,"Preparation for Death, On","243","a00243",243
1065,"Preparation for Death, On","337","a00337",337
1066,"Preparation for Death, On","370","a00370",370
1067,"Preparation for Death, On","400","a00400",400
1068,"Preparation for judgment, On","357","a00357",357
1069,"Presence of God, On the","235k","a00235k",235
1070,"Presumptuous Sins, On","3066","a03066",3066
1071,"Pride, On","79","a00079",79
1072,"Pride, On","285","a00285",285
1073,"Pride, On","359","a00359",359
1074,"Pride, On","474","a00474",474
1075,"Prodigal Son, On the","724","a00724",724
1076,"Profanity, On","462","a00462",462
1077,"Promise of a prophet like unto Moses, The ","1974","a01974",1974
1078,"Promise of God, On the","3132","a03132",3132
1079,"Promises of God, On the","740","a00740",740
1080,"Proper Distribution of the Elements of the Sacrament of the Lord's Supper","1001","a01001",1001
1081,"Prophecy concerning Shiloh, The","1925","a01925",1925
1082,"Prophecy of the Destruction of Jerusalem, The","1905","a01905",1905
1083,"Prophetic Character of Christ, On the","1813","a01813",1813
1084,"Propriety of a reverent and attentive deportment in ye house of God, The","2145","a02145",2145
1085,"Protestant and Catholic churches, On the","235r","a00235r",235
1086,"Proverbs 30: 8-9, On","3102","a03102",3102
1087,"Proverbs 3:7, On","3108","a03108",3108
1088,"Proving and Holding to Truth, On","3049","a03049",3049
1089,"Psalm 100: 2, On","3087","a03087",3087
1090,"Psalm 119, On","3139","a03139",3139
1091,"Psalm 119: 165, On","3088","a03088",3088
1092,"Psalm 119: 97, On","3109","a03109",3109
1093,"Psalm 144:3, On","3090","a03090",3090
1094,"Psalmody, On","1897","a01897",1897
1095,"public fast-day to minute-company at Charlottesville, On","921","a00921",921
1096,"Public Worship","776","a00776",776
1097,"Punishment of Disobedience, The","1751","a01751",1751
1098,"Pure and Undefiled Religion","2137","a02137",2137
1099,"Purgatory, On","90","a00090",90
1100,"Purgatory, On","457","a00457",457
1101,"Purgatry ","239","a00239",239
1102,"Purification, On the","343","a00343",343
1103,"Purification, On ye","292","a00292",292
1104,"Purifying One's Soul, On","3113","a03113",3113
1105,"Putting on the Lord Jesus Christ","1906","a01906",1906
1106,"Questions of John's Disciples, On the","2128","a02128",2128
1107,"Rabbi, we know, that thou art a Teacher come from God","676","a00676",676
1108,"Race for Heaven, The","647","a00647",647
1109,"Rash Judgment, On","228","a00228",228
1110,"Reasonableness of Serving God, The","4023","a04023",4023
1111,"Reasons for rejoicing in the Lord","2176","a02176",2176
1112,"Reasons for the exercise of divine mercy towards Sinners","1806","a01806",1806
1113,"Receiving injuries from others, On","434","a00434",434
1114,"Redeeming the time, Of","934v","a00934v",934
1115,"Reforming from Vicious Habits","634","a00634",634
1116,"Regal Character of Christ, On the","1812","a01812",1812
1117,"Regeneration ","1983","a01983",1983
1118,"regeneration and not returning to heathen habits, On","829","a00829",829
1119,"Regeneration and the Law of God","475","a00475",475
1120,"Regeneration, On","905","a00905",905
1121,"Rejoicing in hope ","1979","a01979",1979
1122,"Rejoicing in the Lord","927","a00927",927
1123,"Rejoicing in ye Lord ","1968","a01968",1968
1124,"Rejoicing, On","3057","a03057",3057
1125,"Relapse, On","223","a00223",223
1126,"Relapse, On","261","a00261",261
1127,"Relapse, On","374","a00374",374
1128,"Relapse, On","404","a00404",404
1129,"Religion the <i>rest</i> of all that labour","907","a00907",907
1130,"Religion, Of","2116","a02116",2116
1131,"Religious Education of Children, The","637","a00637",637
1132,"Religious Instruction, On","4008","a04008",4008
1133,"Religious Retreats Prayer and Communion with God, On","741","a00741",741
1134,"Remedies for sin, On","401","a00401",401
1135,"Remember now thy Creator","804","a00804",804
1136,"Remember now thy Creator in the Days of thy Youth","673","a00673",673
1137,"Remember now thy Creator in the Days of thy Youth","1671","a01671",1671
1138,"Remember Thy Creator","4033","a04033",4033
1139,"Remission of sin, & the consequence expected ","1927","a01927",1927
1140,"Remission of sins ","1980","a01980",1980
1141,"Remorse for sin, On","139","a00139",139
1142,"Remorse of Conscience","2178","a02178",2178
1143,"Remorse, On","196","a00196",196
1144,"Renewing your Mind","4064","a04064",4064
1145,"Renouncing God, On","431","a00431",431
1146,"Renunciation of the world, On","367","a00367",367
1147,"Repent and believe the Gospel","818","a00818",818
1148,"Repentance ","1960","a01960",1960
1149,"Repentance","2068","a02068",2068
1150,"Repentance (1), On","3009","a03009",3009
1151,"Repentance (2), On","3010","a03010",3010
1152,"Repentance and Faith, On","4013","a04013",4013
1153,"Repentance, Of","934h","a00934h",934
1154,"Repentance, On","203","a00203",203
1155,"Repentance, On","304","a00304",304
1156,"Repentance, On","317","a00317",317
1157,"Repentance, On","353","a00353",353
1158,"Repentance, On","366","a00366",366
1159,"Repentance, On","376","a00376",376
1160,"Repentance, On","443","a00443",443
1161,"Repentance, On","317a","a00317a",317
1162,"Repentance--Fragment","153","a00153",153
1163,"Repentance: Fragment","152","a00152",152
1164,"Reputation, On","3041","a03041",3041
1165,"Resignation ","1951","a01951",1951
1166,"Resignation of the heart to God, On the","1770","a01770",1770
1167,"Resting in, & waiting for the Lord","2148","a02148",2148
1168,"Resurrection of Christ, Of the","934b","a00934b",934
1169,"Resurrection of Lazarus, The ","2047","a02047",2047
1170,"Resurrection of the Body, On the","2140","a02140",2140
1171,"Resurrection of the body, The","265","a00265",265
1172,"Resurrection of the Dead, On the","3072","a03072",3072
1173,"Resurrection, On the","42","a00042",42
1174,"Resurrection, On the","65","a00065",65
1175,"Resurrection, On the","76","a00076",76
1176,"Resurrection, On the","174","a00174",174
1177,"Resurrection, On the","182","a00182",182
1178,"Resurrection, On the","206","a00206",206
1179,"Resurrection, On the","220","a00220",220
1180,"Resurrection, On the","333","a00333",333
1181,"Resurrection, On the","391","a00391",391
1182,"Resurrection, On the","395","a00395",395
1183,"Resurrection, On the","397","a00397",397
1184,"Resurrection, On the","422","a00422",422
1185,"Resurrection, On the","432","a00432",432
1186,"Resurrection, On the ","465","a00465",465
1187,"Resurrection, On the","235a","a00235a",235
1188,"Retirement & Meditation, On","1801","a01801",1801
1189,"Retirement from Worldly affairs","331","a00331",331
1190,"Revelation not untrue, because man was unworthy of it","2074","a02074",2074
1191,"Revelation, On","3104","a03104",3104
1192,"Revenge, On","67","a00067",67
1193,"Revenge, On","1773","a01773",1773
1194,"Rich man & Lazarus, The","2076","a02076",2076
1195,"Rich man & Lazarus, The","2077","a02077",2077
1196,"Rich man & Lazarus, The","2079","a02079",2079
1197,"Rich Man and Lazarus, The","470","a00470",470
1198,"Righteousness, Temperance, and Judgment to come","888","a00888",888
1199,"Rising generation exhorted","2158","a02158",2158
1200,"Rule of Divine Providence","4009","a04009",4009
1201,"Rule of Equity, The","786","a00786",786
1202,"Sacrament of penance, On the","184","a00184",184
1203,"Sacrament of penance, On the","284","a00284",284
1204,"Sacrament of penance, On the","235o","a00235o",235
1205,"Sacrament, Of the","934m","a00934m",934
1206,"Sacrament, Of the","934dd","a00934dd",934
1207,"Sacred Heart, On the","246","a00246",246
1208,"Sacred to the Memory of George Washington","2183","a02183",2183
1209,"Sacrifice made by Xt, On the","1807","a01807",1807
1210,"Sacrifice of Mass, Of ye","49","a00049",49
1211,"Safety & happiness of following that which is good, The ","1949","a01949",1949
1212,"Safety & Security of upright walking, The","1902","a01902",1902
1213,"Salvation","692","a00692",692
1214,"Salvation for the Righteous and Sinful, On the","3114","a03114",3114
1215,"Salvation, Of","934k","a00934k",934
1216,"Salvation, On","78","a00078",78
1217,"Salvation, On","211","a00211",211
1218,"Salvation, On","418","a00418",418
1219,"Salvation, On","427","a00427",427
1220,"Sanctity, On","62","a00062",62
1221,"Satisfaction made by Christ, On the","1785","a01785",1785
1222,"Scoffers, On","3032","a03032",3032
1223,"Scourging of Christ, On the","423","a00423",423
1224,"Scribes and Pharisees, On the","360","a00360",360
1225,"Scripture Doctrine of Regeneration, The ","35","a00035",35
1226,"Search the Scriptures","1731","a01731",1731
1227,"Second Coming(1), On the","3067","a03067",3067
1228,"Second Coming(2), On the","3068","a03068",3068
1229,"Second Coming(3), On the","3069","a03069",3069
1230,"Second Coming, The","643","a00643",643
1231,"Second Commandment, On the ","2001","a02001",2001
1232,"Secret Faults","1898","a01898",1898
1233,"Seed among Thorns, The","1934","a01934",1934
1234,"Seed by the Way-side, The ","1931","a01931",1931
1235,"Seed in the good ground, The ","1936","a01936",1936
1236,"Seed on the Rock, The ","1932","a01932",1932
1237,"Seek the[e] first Kingdom of God","311","a00311",311
1238,"Seek ye first the Kingdom of God","742","a00742",742
1239,"Seek ye first the Kingdom of God & his Righteousness, But","674","a00674",674
1240,"Seek ye first the Kingdom of God--Sermon I","742a","a00742a",742
1241,"Seek ye first the Kingdom of God--Sermon II","742b","a00742b",742
1242,"Self-communion recommended","2104","a02104",2104
1243,"Self-deceit of the wicked","1896","a01896",1896
1244,"Self-examination, On","977","a00977",977
1245,"Self-examination, On","1838","a01838",1838
1246,"Self-examination, On","4038","a04038",4038
1247,"Self-love ","2040","a02040",2040
1248,"Self-love, On","336","a00336",336
1249,"Serious Advice not to---","719","a00719",719
1250,"Sermon #14 from Psalm LXXIII. 25th, A","961","a00961",961
1251,"Sermon 1st from John 14 Ch 23 vs.","1620","a01620",1620
1252,"Sermon 2d from 1st Tim 1st Ch & 15 vs","1627","a01627",1627
1253,"Sermon 2d from 2d Peter 3d Ch & 11 vs.","1625","a01625",1625
1254,"Sermon 2d from Col 3d Ch 2, 3, 4 vs.","1609","a01609",1609
1255,"Sermon 2d from Isai 26 Ch 8, 9 vs.","1646","a01646",1646
1256,"Sermon 2d from John 14 Ch 23","1615","a01615",1615
1257,"Sermon 2d from John 3d Ch 3 & 5 vs.","1604","a01604",1604
1258,"Sermon 2d from Luke 1st Ch 17 vs","1619","a01619",1619
1259,"Sermon 2d from Phillip 1, 27","1640","a01640",1640
1260,"Sermon 3d from John 3 Ch 3 & 5 vs.","1605","a01605",1605
1261,"Sermon 3d from Luke 10 Ch 41, 42 vs.","1601","a01601",1601
1262,"Sermon 4th from John 3 Ch 3 & 5 vs.","1606","a01606",1606
1263,"Sermon 4th from Luke 10 Ch 41, 42 vs.","1602","a01602",1602
1264,"Sermon 5 from John 3d Ch 3 & 5 vs.","1607","a01607",1607
1265,"Sermon 7 from Titus 2, 11, 12","1629","a01629",1629
1266,"Sermon against slavery","933","a00933",933
1267,"Sermon at the opening of S. Annes Ch.","910","a00910",910
1268,"Sermon before General Assembly in 1689","893","a00893",893
1269,"Sermon delivered at the Bank Meeting House, A","906","a00906",906
1270,"Sermon first from Isai 55 Ch 7 vs.","1621","a01621",1621
1271,"Sermon for Christmas","3052","a03052",3052
1272,"Sermon for Christmas","3054","a03054",3054
1273,"Sermon for Easter","3053","a03053",3053
1274,"Sermon for the Anniversary of American Independence, A","954","a00954",954
1275,"Sermon for Whitsunday","788","a00788",788
1276,"Sermon for ye 6th Sunday after ye Epiphany, A","321","a00321",321
1277,"Sermon from 1 Ep John 1 & 7","1635","a01635",1635
1278,"Sermon from 1 Ep John 1 Ch & 7 vs lt pt.","1611","a01611",1611
1279,"Sermon from 1st Ep Peter 1st Ch 6 & 7 vs.","1610","a01610",1610
1280,"Sermon from 1st Tim 1st Ch & 15 vs","1626","a01626",1626
1281,"Sermon from 2d Peter 3d Ch & 11 vs.","1624","a01624",1624
1282,"Sermon from Colos 3d Ch 2, 3, 4 vs.","1608","a01608",1608
1283,"Sermon from Deut 5 ch 29 vs, A","1653","a01653",1653
1284,"sermon from deut 5 ch 29 vs, A 2d","1654","a01654",1654
1285,"Sermon from Deuteronomy, A","953","a00953",953
1286,"Sermon from Exod 20, 8 vs","1634","a01634",1634
1287,"Sermon from Ezek 33, 33","1636","a01636",1636
1288,"Sermon from Gal 5, 15","1638","a01638",1638
1289,"Sermon from Isai 26 Ch, 8, 9 vs, A","1645","a01645",1645
1290,"Sermon from Isai 53 ch & 5 vs, A","1651","a01651",1651
1291,"Sermon from Isai 66 & 2d","1641","a01641",1641
1292,"Sermon from Jerem 31 & 20","1623","a01623",1623
1293,"Sermon from Job 31 Ch & 6 vs","1664","a01664",1664
1294,"Sermon from Job 31 Ch & 6 vs, A","1663","a01663",1663
1295,"Sermon from John 14, 23","1614","a01614",1614
1296,"Sermon from John 3d Ch 3 & 5 vs.","1603","a01603",1603
1297,"Sermon from John 4, 24","1633","a01633",1633
1298,"Sermon from John [14] Ch & 47 vs, A","1649","a01649",1649
1299,"Sermon from Luke 1st Ch 17 vs lt pt","1618","a01618",1618
1300,"Sermon from Matt 22 Ch 4 vs, A","1652","a01652",1652
1301,"Sermon from Matt 4, 10","1632","a01632",1632
1302,"Sermon from Matthew 6, 33","1642","a01642",1642
1303,"Sermon from Phillip 1, 27","1639","a01639",1639
1304,"Sermon from Ps 103, 19","1631","a01631",1631
1305,"Sermon from Ps 116, 16 vs, A","1650","a01650",1650
1306,"Sermon from Ps 26 & 6","1613","a01613",1613
1307,"Sermon from Ps 39, 10, 11, 12 vs.","1612","a01612",1612
1308,"Sermon from Psal 14 & 1","1647","a01647",1647
1309,"Sermon from Psalme 38 vs 18","1622","a01622",1622
1310,"Sermon from Rev 2, 17","1630","a01630",1630
1311,"Sermon from Rev 4 Ch 10 vs.","1616","a01616",1616
1312,"Sermon from songs 8 ch & 2d vs, A","1655","a01655",1655
1313,"sermon from songs 8 ch & 2d vs, A 2d","1656","a01656",1656
1314,"Sermon notes on the books of Timothy","987","a00987",987
1315,"Sermon Notes on the Lord's Supper","998","a00998",998
1316,"Sermon occasioned by the death of Deacon Thomas Quarterman","1028","a01028",1028
1317,"Sermon on 2 Cor. 4. 13","938","a00938",938
1318,"Sermon on Acts 2[4]. 25.","636","a00636",636
1319,"Sermon on Acts X, 33","1027","a01027",1027
1320,"Sermon on Be not ashamed","779","a00779",779
1321,"Sermon on Easter","847","a00847",847
1322,"Sermon on Everlasting Life","848","a00848",848
1323,"Sermon on Godliness with Contentment, A","780","a00780",780
1324,"Sermon on Grace","777","a00777",777
1325,"Sermon on Hebrews 12th C & 14 V, A","982","a00982",982
1326,"Sermon on Isaiah XLIV: 5","943","a00943",943
1327,"Sermon on Judgment and the Jews","869","a00869",869
1328,"Sermon on Matthew 11, 28-30","958","a00958",958
1329,"Sermon on Prayer","785","a00785",785
1330,"Sermon on Psal. 118, 2d, A","997","a00997",997
1331,"Sermon on Romans 7th 18th, A","994","a00994",994
1332,"Sermon on St. Luke 22, 19 & 20","787","a00787",787
1333,"Sermon on the Advantages of Religion","781","a00781",781
1334,"Sermon on the Ascension","1024","a01024",1024
1335,"Sermon On the Constitution and Order of the Christian Church, A ","10","a00010",10
1336,"Sermon on The Creation of Man, A","957","a00957",957
1337,"Sermon on the death of Col. George Carrington","931","a00931",931
1338,"Sermon on the flesh and the spirit","778","a00778",778
1339,"Sermon On The Law of God, A","955","a00955",955
1340,"Sermon on The Law of God, A","956","a00956",956
1341,"Sermon on the Lord's Supper","1007","a01007",1007
1342,"Sermon on the Lord's Supper","1009","a01009",1009
1343,"Sermon on The Love of God, A","965","a00965",965
1344,"Sermon on the married state","930","a00930",930
1345,"Sermon on the Nature of true Holiness, A","782","a00782",782
1346,"Sermon on the parable of the Rich Man and Lazarus","942","a00942",942
1347,"Sermon on the profanation of the name of God, A","966","a00966",966
1348,"Sermon on the Sacrament of the Lord's Supper","1000","a01000",1000
1349,"Sermon on the Sacrament of the Lord's Supper","1003","a01003",1003
1350,"Sermon on the World","880","a00880",880
1351,"Sermon on the World","880a","a00880a",880
1352,"Sermon on the World","880b","a00880b",880
1353,"Sermon Preached at James City in Virginia, A","935","a00935",935
1354,"Sermon preached at New York","1015","a01015",1015
1355,"Sermon Preached at the Death of General Washington","632","a00632",632
1356,"Sermon Preached in Annapolis","3093","a03093",3093
1357,"Sermon preached in my own Parish Church, A","841","a00841",841
1358,"Sermon upon the decay of Christianity","682","a00682",682
1359,"Sermons (1770) of an unidentified minister, Three","916","a00916",916
1360,"Sermons of Thomas Cradock","2999","a02999",2999
1361,"Sermons on Various Occasions by the Rev. Paul Turquand, Volume I","1665","a01665",1665
1362,"Sermons on Various Occasions by The Rev. Paul Turquand, Volume I","1714","a01714",1714
1363,"Sermons on Various Occasions by the Rev. Paul Turquand, Volume II","1688","a01688",1688
1364,"Sermons preached after 1800 by John Durbarrow Blair ","667","a00667",667
1365,"Sermons Vollume Thirteenth [by Archibald Simpson]","1628","a01628",1628
1366,"Sermons [by Archibald Simpson]","1600a","a01600a",1600
1367,"Sermons, 1792-1802 [by Armistead Smith]","944","a00944",944
1368,"Serve the Lord with Gladness","1738","a01738",1738
1369,"Service of the Lord neither vain nor unprofitable, The","2053","a02053",2053
1370,"Serving God, On","256","a00256",256
1371,"Serving God, On","409","a00409",409
1372,"Serving Two Masters, On","3117","a03117",3117
1373,"Set thine House in Order","645","a00645",645
1374,"Set your affection on things above","1694","a01694",1694
1375,"Set your affections on things above.","4001","a04001",4001
1376,"Seven Mss. Sermons Delivered [by Samuel Frink] in Christ Church, Savannah","1019","a01019",1019
1377,"Seventeen Manuscript Sermons, 1760-1804, [by Samuel Stillman]","1014","a01014",1014
1378,"Seventh Commandment, On the ","2004","a02004",2004
1379,"Sexagesima Sunday, On","453","a00453",453
1380,"Shewing thyself a pattern of good works","827","a00827",827
1381,"Shine to enter at the strait Gate","1705","a01705",1705
1382,"Short Acct. of the Nature, Terms & Conditions of the Baptismal Covenant","1732","a01732",1732
1383,"Short Discorce [sic] on the 14C. of Reveration [sic] & 13V, A","983","a00983",983
1384,"Sign of the Cross, On ye","327","a00327",327
1385,"Simeon's Apostrophe ","1969","a01969",1969
1386,"Sin and the Follies of Youth","4027","a04027",4027
1387,"Sin's Burdens and Christ's Yoke, On","3048","a03048",3048
1388,"Sin, On","444","a00444",444
1389,"Sin, On","446","a00446",446
1390,"Sincere conversion, On","387","a00387",387
1391,"Sinners, their allurements to be guarded against ","2019","a02019",2019
1392,"Sinners, their allurements to be guarded against ","2021","a02021",2021
1393,"Sins of Infirmity ","2041","a02041",2041
1394,"Sixth Article of the Creed, On the","281","a00281",281
1395,"Sixth Article of the Creed, On the","296","a00296",296
1396,"Sixth Article of the Creed, On the","297","a00297",297
1397,"Sixth Article of the Creed, On the","299","a00299",299
1398,"Slavery to human respects, On","379","a00379",379
1399,"Slothful man & his lion, The ","1998","a01998",1998
1400,"So shall he sprinkle many Nations","1710","a01710",1710
1401,"So then, after the Lord had spoken unto them","679","a00679",679
1402,"Son of God, The","934a","a00934a",934
1403,"Sorrow & heaviness of our Lord in Gethsemane, The ","2026","a02026",2026
1404,"Sorrow & mourning become all","1956","a01956",1956
1405,"Souls rest, The","934ss","a00934ss",934
1406,"Sow to yourselves in Righteousness, reap in mercy","1722","a01722",1722
1407,"Speaking truth","2194","a02194",2194
1408,"Speedy Conversion, On","270","a00270",270
1409,"Spirit of the world, On the","305","a00305",305
1410,"Spirit of the World, The","146","a00146",146
1411,"Spirit preventeth the works of the flesh, The ","1957","a01957",1957
1412,"Spiritual benefits, On","68","a00068",68
1413,"Spiritual blessings bestowed on man, On the","3783","a03783",3783
1414,"Spiritual or moral pride, On","2200","a02200",2200
1415,"Spiritual Vigilance","1740","a01740",1740
1416,"Spiritual Warfare, On","3014","a03014",3014
1417,"St Ignatius, On","235v","a00235v",235
1418,"St John, Epistle 1: 3 Chapter, 8 Verse, On","2103","a02103",2103
1419,"St John; Ch. 8, V. 10, 11","2192","a02192",2192
1420,"St Peter's Denial of his Master, On","2187","a02187",2187
1421,"St. Francis Xavier, On","58","a00058",58
1422,"St. Ignatius' Feast, On ","6","a00006",6
1423,"St. Ignatius, On","247","a00247",247
1424,"St. Ignatius, On","325","a00325",325
1425,"St. John Baptist, For","2173","a02173",2173
1426,"St. John the Baptist, On","365","a00365",365
1427,"St. Paul before Felix, On","3031","a03031",3031
1428,"St. Paul's Choice","2181","a02181",2181
1429,"St. Paul's Discourse to Felix ","2042","a02042",2042
1430,"State between Death & the Resurrection, On a","1844","a01844",1844
1431,"State of Protestantism, On","3064","a03064",3064
1432,"State of the wicked considered, The","1886","a01886",1886
1433,"Steadfastness, On","368","a00368",368
1434,"Study to shew thyself approved unto God","750","a00750",750
1435,"Study to shew thyself approved unto God","816","a00816",816
1436,"Study to shew thyself approved unto God ","817","a00817",817
1437,"Study to shew thyself approved unto God","828","a00828",828
1438,"Submission to ye will of god, On","180","a00180",180
1439,"Submitting to the Will of God, On","4016","a04016",4016
1440,"Substance of a Sermon, preached by Tho. Coke ","548","a00548",548
1441,"Success of Xtianity an evidence of its truth, The","1830","a01830",1830
1442,"Sudden death, On","188","a00188",188
1443,"Suffering in this world, On","97","a00097",97
1444,"Summary of the arguments in favor of Christianity","1836","a01836",1836
1445,"Superior excellence of Christ's preaching, The","2186","a02186",2186
1446,"Superiority of the Gospel over Natural Religion, The","2052","a02052",2052
1447,"Suspension of Andrew Nugent, On the","111","a00111",111
1448,"Swearing, On","169","a00169",169
1449,"Swearing, On","173","a00173",173
1450,"Swearing, On","175","a00175",175
1451,"Swearing, On","235n","a00235n",235
1452,"Take heed therefore how ye hear","1021","a01021",1021
1453,"Take heed to yourselves","928","a00928",928
1454,"Taking possession of the Episc. see of Baltre Decr 1790","115","a00115",115
1455,"Tares in the Church, Of the","934d","a00934d",934
1456,"Temple of God on Earth, The","651","a00651",651
1457,"Temptation and Wisdom, On","3051","a03051",3051
1458,"Temptations offered to men ","1937","a01937",1937
1459,"Temptations, offered by Satan to Jesus, presented also to man, The","1882","a01882",1882
1460,"Temptations, On","414","a00414",414
1461,"Tenderness and Mercy of God, The","652","a00652",652
1462,"Tenth Commandment, On the ","2007","a02007",2007
1463,"Tenth Commandment, On the ","2009","a02009",2009
1464,"Terms and Qualifications of successful prayers, The ","2035","a02035",2035
1465,"Testify the Gospel of the Grace of God","949","a00949",949
1466,"Textbook of Sermons Heard by Richard Dozier","929","a00929",929
1467,"Thanksgiving 1797, For the","2124","a02124",2124
1468,"Thanksgiving for national blessings","1809","a01809",1809
1469,"Thanksgiving on Feb. 19, 1795, For the ","2022","a02022",2022
1470,"Thanksgiving Sermon, A","471","a00471",471
1471,"Thanksgiving Sermon, A","941","a00941",941
1472,"Thanksgiving Sermon, A, in consequence of the President's Proclamation","631","a00631",631
1473,"Theft, On","177","a00177",177
1474,"Theological Responses","4066","a04066",4066
1475,"There is a reward for the righteous","1728","a01728",1728
1476,"There is no good in them, but for a Man to rejoice and to do good in his life","1720","a01720",1720
1477,"There is no peace saith my God to ye Wicked","913","a00913",913
1478,"There Remaineth therefore a rest to the People of God","966x","a00966x",966
1479,"There shall come in the last days scoffers","813","a00813",813
1480,"Therefore be ye also ready","815","a00815",815
1481,"Thine is the kingdom","2122","a02122",2122
1482,"Things in which we ought not, and that in which we may glory","2066","a02066",2066
1483,"Things, in which we ought not, and that, in which we may glory","2067","a02067",2067
1484,"Third Article of the, On the","280","a00280",280
1485,"Third commandment, On the","1803","a01803",1803
1486,"This do in remembrance of me","805","a00805",805
1487,"Those who honor God","1914","a01914",1914
1488,"Those, to whom there is no condemnation","2075","a02075",2075
1489,"Three Sermons by George Goundril","887","a00887",887
1490,"Three(?) Addresses to the Continental Army","4068","a04068",4068
1491,"Through a Glass Darkly","1025","a01025",1025
1492,"Through him we both have an Access by one Spirit unto the Father","1672","a01672",1672
1493,"Thy Kingdom come","833","a00833",833
1494,"Thy kingdom come","2117","a02117",2117
1495,"Thy will be done","2118","a02118",2118
1496,"Thy will be done on earth as it is in heaven","675","a00675",675
1497,"To Whom is the Cup in the Sacrament a Cup of Blessing?","1002","a01002",1002
1498,"Together in Unity","874","a00874",874
1499,"Torments of Hell, On the","57","a00057",57
1500,"Torments of Hell, On the","430","a00430",430
1501,"Transfiguration, On the","371","a00371",371
1502,"transitoriness of life, On the","879","a00879",879
1503,"Tribulation of the world ","1943","a01943",1943
1504,"True and righteous believers","918","a00918",918
1505,"True church, On the one","381","a00381",381
1506,"True faith in Christ, On","1787","a01787",1787
1507,"True Honour of Man, On the","783","a00783",783
1508,"True religion, On","235q","a00235q",235
1509,"Truly God is good","1701","a01701",1701
1510,"Trust in God, On our","1765","a01765",1765
1511,"Trusting in the Lord, On","3107","a03107",3107
1512,"Truth","133","a00133",133
1513,"Truth of religion, On the","148","a00148",148
1514,"Truth of Revelation, The","2126","a02126",2126
1515,"Truth of the Old Testament","1852","a01852",1852
1516,"Truth of the Scriptures of the New Testament, The","1814","a01814",1814
1517,"Turning from sin to newness of life","2162","a02162",2162
1518,"Two Sermons","723","a00723",723
1519,"Two sermons and a charge to two newly ordained ministers","991","a00991",991
1520,"Two Sermons by Edward Gantt","876","a00876",876
1521,"Two Sermons by George Goundril","883","a00883",883
1522,"Two Sermons by John Coleman","751","a00751",751
1523,"Two Sermons by John Coleman","793","a00793",793
1524,"Two Sermons by John Coleman","796","a00796",796
1525,"Two Sermons by John Coleman (Acc. 790)","790","a00790",790
1526,"Two Sermons on the Death of Elder Lewis Lunsford","947","a00947",947
1527,"Two sermons undivided from Isai 44 Ch 3d vs","1662","a01662",1662
1528,"Two sermons undivided from Jer 3d Ch 19","1657","a01657",1657
1529,"Two sermons undivided from Lev 10 Ch 3d vs","1661","a01661",1661
1530,"Two Sermons [by John Coleman]","799","a00799",799
1531,"Two Sermons [by John Coleman]","802","a00802",802
1532,"Two Sermons [by Robert Preade (Read?)]","904","a00904",904
1533,"Uncertainty of existence, On the","124","a00124",124
1534,"Uncertainty of life, & suddenness of death, The","2138","a02138",2138
1535,"Unclean thoughts, On","355","a00355",355
1536,"Unfit for Heaven","4062","a04062",4062
1537,"Unity","2057","a02057",2057
1538,"Unity of God, The","1904","a01904",1904
1539,"Universal Love & Charity","1911","a01911",1911
1540,"Unsearchable Wisdom of God, in his dealings with men, On the","1757","a01757",1757
1541,"Unstable as Water thou shalt not excell","940","a00940",940
1542,"Untitled Ms. Sermons 1686 and 1707","912","a00912",912
1543,"Unworthy communion, On","294","a00294",294
1544,"Upright poor man & the perverse rich one ","1985","a01985",1985
1545,"Use and abuse of the World, The","2039","a02039",2039
1546,"Use of time, On the","3","a00003",3
1547,"Use of time, On the","52","a00052",52
1548,"Use of time, On the","104","a00104",104
1549,"Use of time, On the","288","a00288",288
1550,"Vanity of human Life","1682","a01682",1682
1551,"Vanity, On","172","a00172",172
1552,"Vanity, On","176","a00176",176
1553,"Venial Sin, Of","287","a00287",287
1554,"Venial sin, On","123","a00123",123
1555,"Veracity of God, On the","1866","a01866",1866
1556,"Vice of Ingratitude, On the","417","a00417",417
1557,"Vine and Its Branches, On the","3050","a03050",3050
1558,"Virgin Mary, On the","40","a00040",40
1559,"Visionary schemes of happiness, On","2102","a02102",2102
1560,"Visitation of the third District, For the","2166","a02166",2166
1561,"Visitation-sermon","2167","a02167",2167
1562,"Vocation to Sanctity, On our","460","a00460",460
1563,"Wait for the Hope of Righteousness by Faith","1725","a01725",1725
1564,"Waiting patiently, till the change come ","1996","a01996",1996
1565,"Walk in the Spirit","671","a00671",671
1566,"Walking circumspectly ","2050","a02050",2050
1567,"Walking Circumspectly in Evil Days, On","3119","a03119",3119
1568,"Walking Circumspectly, Of","934u","a00934u",934
1569,"Walking with God, On","1845","a01845",1845
1570,"Walking worthy of ye Lord unto all pleasing","1917","a01917",1917
1571,"Way of Peace, The","884","a00884",884
1572,"We also are compassed about with so great a cloud of witnesses","898","a00898",898
1573,"We are ambassadors for Xt.","801","a00801",801
1574,"We must all appear before the Judgment Seat of Christ","920","a00920",920
1575,"We must all appear before the Judgment-Seat of Xt.","1715","a01715",1715
1576,"We preach not ourselves, but Christ Jesus","824","a00824",824
1577,"We preach not ourselves, but Christ Jesus","825","a00825",825
1578,"We preach not ourselves, but Xt Jesus","806","a00806",806
1579,"We preach not ourselves, but Xt Jesus","807","a00807",807
1580,"We preach not ourselves, but Xt Jesus","808","a00808",808
1581,"We Preach Xt. crucified","1727","a01727",1727
1582,"We speak not as pleasing Men, but God","873","a00873",873
1583,"We will serve the Lord","1734","a01734",1734
1584,"Wealth","835","a00835",835
1585,"Wealth, On","747","a00747",747
1586,"Wealth, On","2207","a02207",2207
1587,"Wealth, On","3099","a03099",3099
1588,"Wedding Sermon","739","a00739",739
1589,"What is a man profited if he shall gain the whole world","795","a00795",795
1590,"What is a man profited?","814","a00814",814
1591,"What is to be done for the inheritance of eternal life, On","968","a00968",968
1592,"What manner of Persons ought we to be","1718","a01718",1718
1593,"Whatsoever ye would that Men should do to you, do ye even so to them","1687","a01687",1687
1594,"When I have [a] convenient season, I will call for thee","1706","a01706",1706
1595,"When the fulness of the Time was come, God sent forth h[is] Son","1724","a01724",1724
1596,"When the unclean spirit is gone out of a man","811","a00811",811
1597,"While ye Child was yet alive","752","a00752",752
1598,"Whipping & thorns","240","a00240",240
1599,"Whitsunday, For","1758","a01758",1758
1600,"Whitsunday, For","1843","a01843",1843
1601,"Whitsunday, For ","1945","a01945",1945
1602,"Whitsunday, For ","2034","a02034",2034
1603,"Whitsunday, For","2109","a02109",2109
1604,"Whitsunday, For","2143","a02143",2143
1605,"Who gave Jacob for a Spoil, & Israel to the Robbers?","1711","a01711",1711
1606,"Whole armour of God, The","2093","a02093",2093
1607,"Wicked presume upon their Impunity","2195","a02195",2195
1608,"Wickedness and destruction of the old world, On the","2110","a02110",2110
1609,"Wickedness its own Punishment","2125","a02125",2125
1610,"Wickedness of Christians no proof against Christianity, The","2203","a02203",2203
1611,"Wilkinson, John, sermons","3129","a03129",3129
1612,"Wine & Milk without Money & without Price","895","a00895",895
1613,"Wisdom is justified of all his children","810","a00810",810
1614,"Wisdom of fearing God, The","934s","a00934s",934
1615,"Wisdom of God, On the","1766","a01766",1766
1616,"Wisdom's Happiness and Sin's Misery","3071","a03071",3071
1617,"Wisdom, Money, and Knowledge","655","a00655",655
1618,"wise Son maketh a glad father, A","878","a00878",878
1619,"Without me ye can do nothing","1675","a01675",1675
1620,"Wonderful Compassions of Christ to the greatest Sinners, The","789","a00789",789
1621,"Word of God, On the","102","a00102",102
1622,"Word of God, On the","221","a00221",221
1623,"Word of God, On the","307","a00307",307
1624,"Word of God, On the","347","a00347",347
1625,"Word of God, On the","389","a00389",389
1626,"Words of Eternal Life, The","654","a00654",654
1627,"Work of Christ, For the","948","a00948",948
1628,"Work out your own Salvation","1729","a01729",1729
1629,"Work out your own Salvation with Fear and Trembling","890","a00890",890
1630,"Working ","1938","a01938",1938
1631,"Working with Fear & Trembling","1912","a01912",1912
1632,"Works in sin, Of","257","a00257",257
1633,"Works of Christ, On the","3124","a03124",3124
1634,"Worldliness, On","227","a00227",227
1635,"Worldliness, On","286","a00286",286
1636,"Worldliness, On","4024","a04024",4024
1637,"Worldly wisdom spiritually improved ","2033","a02033",2033
1638,"Worship in spirit and truth, On ","99","a00099",99
1639,"Worship, On","3065","a03065",3065
1640,"Worthiness of Heavenly Glory","4006","a04006",4006
1641,"wrongful actions of nations, On the","819","a00819",819
1642,"Ye cannot serve God & Mammon","727","a00727",727
1643,"Ye shall not swear by my Name falsely","889","a00889",889
1644,"Ye should do as I have done to you","1666","a01666",1666
1645,"Yoke of Christ easy, The ","1928","a01928",1928
1646,"Your labor is not in vain in the Lord","1686","a01686",1686
1647,"Youth on being Sober-minded, To","1741","a01741",1741
1648,"Youth Reminded of A Judgment to Come","4025","a04025",4025
1649,"Zeal not according to knowledge, Of","2206","a02206",2206
1650,"[Prayer and Justification, On]","4039","a04039",4039
