kpid,"acc","acc_txt",acc_int,"sti"
1,"1 ","",0,"He that spared not his own Son "
2,"2","",0,"God's mercy, On"
3,"3","",0,"Use of time, On the"
4,"4","",0,"Fornication and Uncleanness, On"
5,"5 ","",0,"Neglecting small duties, On "
6,"6 ","",0,"St. Ignatius' Feast, On "
7,"10","",0,"Sermon On the Constitution and Order of the Christian Church, A "
8,"11 ","",0,"Humility and Prayer, On "
9,"13 ","",0,"Fear, & service of god, The "
10,"35 ","",0,"Scripture Doctrine of Regeneration, The "
11,"38","",0,"Death, On"
12,"39","",0,"Death, On"
13,"40","",0,"Virgin Mary, On the"
14,"41","",0,"Evil, On"
15,"42","",0,"Resurrection, On the"
16,"43","",0,"Divine goodness, On"
17,"44","",0,"Duty to God, On"
18,"45","",0,"Annunciation, On the"
19,"46","",0,"Assumption of our Lady, On ye"
20,"47","",0,"All Souls' Day, On"
21,"48","",0,"How to hear mass wh devotion"
22,"49","",0,"Sacrifice of Mass, Of ye"
23,"50","",0,"Conforming our will to God, On"
24,"51","",0,"Holy Spirit, On the"
25,"52","",0,"Use of time, On the"
26,"53","",0,"Patience of God, On the"
27,"54","",0,"Necessity of good works, On the"
28,"55","",0,"Feast of all Saints, The"
29,"56","",0,"False prophets, On"
30,"57","",0,"Torments of Hell, On the"
31,"58","",0,"St. Francis Xavier, On"
32,"59","",0,"Advent, On"
33,"60","",0,"Passion of Christ, On the"
34,"61","",0,"Feast of the Sacred Heart, On the"
35,"62","",0,"Sanctity, On"
36,"63","",0,"Dedication of a chapel to the Virgin Mary, On the"
37,"64","",0,"Nativity, On the"
38,"65","",0,"Resurrection, On the"
39,"66","",0,"Pardoning our Enemies, On"
40,"67","",0,"Revenge, On"
41,"68","",0,"Spiritual benefits, On"
42,"69","",0,"Giving scandal, On"
43,"70","",0,"Advent, On"
44,"71","",0,"Nativity, On the"
45,"72","",0,"Apostles' Creed, On the"
46,"73","",0,"Hail Mary, On the"
47,"74","",0,"Assumption, On the"
48,"75","",0,"Feast of St. Ignatius, On the"
49,"76","",0,"Resurrection, On the"
50,"77","",0,"Judgment, On"
51,"78","",0,"Salvation, On"
52,"79","",0,"Pride, On"
53,"80","",0,"Ascension, On the"
54,"81","",0,"Devotion to Saints and their relics, On"
55,"82","",0,"Assumption, On the"
56,"83","",0,"All Saints, On the feast of"
57,"84","",0,"Penance, On"
58,"85","",0,"Fasting, On"
59,"86","",0,"Nativity, On the"
60,"87","",0,"Nativity, On the"
61,"88","",0,"Pain of loss, On ye"
62,"89","",0,"Death, On"
63,"90","",0,"Purgatory, On"
64,"91","",0,"Death, On"
65,"92","",0,"Pain of loss, On ye"
66,"93","",0,"Epiphany, On the"
67,"94","",0,"Nativity, On the"
68,"95","",0,"Death, On Preparation for"
69,"96","",0,"Feast of Corpus Christi, On the"
70,"97","",0,"Suffering in this world, On"
71,"98","",0,"Great Commandment, On the"
72,"99","",0,"Worship in spirit and truth, On "
73,"100","",0,"Establishment of the Xn Church, On the"
74,"101","",0,"Feast of St. Ignatius, On the"
75,"102","",0,"Word of God, On the"
76,"103","",0,"Avoidance of sin, On the"
77,"104","",0,"Use of time, On the"
78,"105","",0,"Afflictions, On"
79,"106","",0,"Passion and Resurrection, On the"
80,"107","",0,"Contempt of the world, On the"
81,"108","",0,"Ambition, On"
82,"109","",0,"Congregational discord, On"
83,"110","",0,"Completion of a church, On"
84,"111","",0,"Suspension of Andrew Nugent, On the"
85,"112","",0,"Excommunication of John Causse, On the"
86,"113","",0,"Holy Trinity Congregation, To"
87,"114","",0,"Charity of Baltimore, The"
88,"115","",0,"Taking possession of the Episc. see of Baltre Decr 1790"
89,"116","",0,"Holy Orders: John, XV, 16"
90,"117","",0,"Confirmation of faith, On the"
91,"118","",0,"Decree on the death of Pius VI"
92,"119","",0,"Neglecting daily graces, On"
93,"120","",0,"happiness of heaven, On the"
94,"121","",0,"Importance of Salvation, On the"
95,"122","",0,"Honors due to religion, On the"
96,"123","",0,"Venial sin, On"
97,"124","",0,"Uncertainty of existence, On the"
98,"125","",0,"Pentecost, On"
99,"126","",0,"Infidelity"
100,"127","",0,"Eucharist: The Old Law and the New"
101,"128","",0,"Penance"
102,"129","",0,"False Prophets"
103,"130","",0,"Lent: The Parable of the Sower"
104,"131","",0,"Faith"
105,"132","",0,"Confirmation: II Corinthians I, 21"
106,"133","",0,"Truth"
107,"134","",0,"Holy Orders: Hebrews, V"
108,"135","",0,"Commemoration of American Independence"
109,"136","",0,"Homily on the concluding part of the 2d. ch. of S. Luke"
110,"137","",0,"Penance, On"
111,"138","",0,"Assumption of Mary, On the"
112,"139","",0,"Remorse for sin, On"
113,"140","",0,"Confirmation: Jude, V, 20"
114,"141","",0,"Lent: Fasting"
115,"142","",0,"False Prophets"
116,"143","",0,"Appeal for School Funds, An"
117,"144","",0,"Easter Duty"
118,"145","",0,"Charity: The Neighbor"
119,"146","",0,"Spirit of the World, The"
120,"147","",0,"Holy Orders: Responsibilities"
121,"148","",0,"Truth of religion, On the"
122,"149","",0,"Gospel, On the"
123,"150","",0,"Holy Catholic Church, On the"
124,"151","",0,"Death: Fragments"
125,"152","",0,"Repentance: Fragment"
126,"153","",0,"Repentance--Fragment"
127,"154","",0,"Confirmation: John, V"
128,"155","",0,"Matrimony: John, II, 1-2"
129,"156","",0,"Mercy towards children, On"
130,"157","",0,"Penance"
131,"158","",0,"Eucharist: Frequentation"
132,"159","",0,"Infidelity"
133,"160","",0,"Duties of Parents: Ephesians, VI, 4"
134,"161","",0,"Last Judgment, The"
135,"162","",0,"Eucharist: The Great Supper"
136,"163","",0,"Charity: John the Apostle"
137,"164","",0,"Pentecost"
138,"165","",0,"Pentecost"
139,"166","",0,"Jubilee Year"
140,"167","",0,"Charity: Mark, VIII, 2"
141,"168","",0,"Inferno, De "
142,"169","",0,"Swearing, On"
143,"170","",0,"Peace of Jesus Christ, On the"
144,"171","",0,"Grace, On"
145,"172","",0,"Vanity, On"
146,"173","",0,"Swearing, On"
147,"174","",0,"Resurrection, On the"
148,"175","",0,"Swearing, On"
149,"176","",0,"Vanity, On"
150,"177","",0,"Theft, On"
151,"178","",0,"Frequent communion <i>after easter</i>, On"
152,"179","",0,"Prayer, On"
153,"180","",0,"Submission to ye will of god, On"
154,"181","",0,"Feast of Corpus Christi, On the"
155,"182","",0,"Resurrection, On the"
156,"183","",0,"affliction, On"
157,"184","",0,"Sacrament of penance, On the"
158,"185","",0,"Devotion to the blessed virgin, On the"
159,"186","",0,"Judgment, On"
160,"187","",0,"Infallibility, On"
161,"188","",0,"Sudden death, On"
162,"189","",0,"Ascension, On the"
163,"190","",0,"Jubilee, On the approaching"
164,"191","",0,"Grace, On"
165,"192","",0,"Duty towards children, On"
166,"193","",0,"Grace, On"
167,"194","",0,"Ascension, On the"
168,"195","",0,"Delusions of the world, On the"
169,"196","",0,"Remorse, On"
170,"197","",0,"Assumption, On the"
171,"198","",0,"Preparation for Death, On"
172,"199","",0,"Happiness, On"
173,"200","",0,"Passion of Christ, On the"
174,"201","",0,"Fasting, On"
175,"202","",0,"Greed, On"
176,"203","",0,"Repentance, On"
177,"204","",0,"Feast of All Saints, On the"
178,"205","",0,"Feast of Corpus Christi, On the"
179,"206","",0,"Resurrection, On the"
180,"207","",0,"Habitual Grace, On"
181,"208","",0,"Eternity, On"
182,"209","",0,"Communion, On"
183,"210","",0,"Faith, On"
184,"211","",0,"Salvation, On"
185,"212","",0,"Pentecost, On"
186,"213","",0,"Eternity, On"
187,"214","",0,"Preparation for Death, On"
188,"215","",0,"Immaculate Conception, On the"
189,"216","",0,"Ingratitude to God, On"
190,"217","",0,"Marriage"
191,"218","",0,"Detraction, On"
192,"219","",0,"Justice, On"
193,"220","",0,"Resurrection, On the"
194,"221","",0,"Word of God, On the"
195,"222","",0,"Ascension, On the"
196,"223","",0,"Relapse, On"
197,"224","",0,"Communion, On"
198,"225","",0,"Nativity of Christ"
199,"226","",0,"Judgment"
200,"227","",0,"Worldliness, On"
201,"228","",0,"Rash Judgment, On"
202,"229","",0,"Celestial Glory, On"
203,"230","",0,"Mortal Sin, On"
204,"231","",0,"Death of the Just, On the"
205,"232","",0,"Ascension, On the"
206,"233","",0,"Ascension, On the"
207,"969a","",0,"Cause of Children Advocated, The"
208,"215","",0,"Immaculate Conception, On the"
209,"234","",0,"Easter duty, On"
210,"235","",0,"Easter duty, On"
211,"236","",0,"Communion, On"
212,"237","",0,"Feast of Corpus Christi, On the"
213,"238","",0,"Exhortation to fraternal Charity, An"
214,"239","",0,"Purgatry "
215,"240","",0,"Whipping & thorns"
216,"241","",0,"Our Lord, Of"
217,"242","",0,"Danger of impenitence, On the"
218,"243","",0,"Preparation for Death, On"
219,"244","",0,"Hope in God, On"
220,"245","",0,"Funeral Sermon Preached By the Reverend Father Robert Harding, A"
221,"246","",0,"Sacred Heart, On the"
222,"247","",0,"St. Ignatius, On"
223,"248","",0,"Faith, On"
224,"249","",0,"Assumption, On the"
225,"250","",0,"Danger of relapsing into former Sins, On ye"
226,"251","",0,"Judgment, On"
227,"252","",0,"Hope, On"
228,"253","",0,"Pentecost Day, On"
229,"254","",0,"Judgement"
230,"255","",0,"Difficulty of Salvation, On the"
231,"256","",0,"Serving God, On"
232,"257","",0,"Works in sin, Of"
233,"258","",0,"Dispositions for confession"
234,"259","",0,"Epiphany, On the"
235,"260","",0,"Communion, On"
236,"261","",0,"Relapse, On"
237,"262","",0,"Accessory to others sins, On being"
238,"263","",0,"Creed, On the 10th Article of the "
239,"264","",0,"Life everlasting"
240,"265","",0,"Resurrection of the body, The"
241,"266","",0,"Palm Sunday, On"
242,"267","",0,"Increase in grace, On"
243,"268","",0,"First Commandment, On the"
244,"269","",0,"Passion, On the"
245,"270","",0,"Speedy Conversion, On"
246,"271","",0,"Mortification of Passions"
247,"272","",0,"Creed, On the second article of the;"
248,"273","",0,"Creed, On the "
249,"274","",0,"Faith"
250,"275","",0,"Eternity"
251,"276","",0,"Care of salvation, On the"
252,"277","",0,"Faith"
253,"278","",0,"Commandment, On the 3rd."
254,"279","",0,"Eleventh and twelfth articles of the Creed, On the"
255,"280","",0,"Third Article of the, On the"
256,"281","",0,"Sixth Article of the Creed, On the"
257,"282","",0,"Eighth Article of the Creed, On the"
258,"283","",0,"Our last end, On"
259,"284","",0,"Sacrament of penance, On the"
260,"285","",0,"Pride, On"
261,"286","",0,"Worldliness, On"
262,"287","",0,"Venial Sin, Of"
263,"288","",0,"Use of time, On the"
264,"289","",0,"Nativity, On the"
265,"290","",0,"Epiphany, On ye"
266,"291","",0,"Delaying to repent, On"
267,"292","",0,"Purification, On ye"
268,"293","",0,"Passion, On the"
269,"294","",0,"Unworthy communion, On"
270,"295","",0,"Coming of the Holy Ghost, On the"
271,"296","",0,"Sixth Article of the Creed, On the"
272,"297","",0,"Sixth Article of the Creed, On the"
273,"298","",0,"Charity to one's enemies, On"
274,"299","",0,"Sixth Article of the Creed, On the"
275,"300","",0,"Passion, On the"
276,"302","",0,"Faith & Good Works, Upon"
277,"303","",0,"Feast of Corpus Christi, On the"
278,"304","",0,"Repentance, On"
279,"305","",0,"Spirit of the world, On the"
280,"306","",0,"Lukewarm Christians, On"
281,"307","",0,"Word of God, On the"
282,"308","",0,"Doing honor to priests, On"
283,"309","",0,"Peace, On"
284,"310","",0,"Nativity, On the"
285,"311","",0,"Seek the[e] first Kingdom of God"
286,"312","",0,"Hearing sermons diligently, On"
287,"313","",0,"Easter duty, On"
288,"314","",0,"Ash Wednesday, On"
289,"315","",0,"Ascension, On the"
290,"316","",0,"Prayer, On"
291,"317","",0,"Repentance, On"
292,"318","",0,"Nativity, On the"
293,"319","",0,"Gospel, On the"
294,"320","",0,"Fasting, On"
295,"321","",0,"Sermon for ye 6th Sunday after ye Epiphany, A"
296,"322","",0,"Mass, 1st Discourse on the"
297,"323","",0,"Mass, 3rd Discourse on the"
298,"324","",0,"Good Use of Time, On ye"
299,"325","",0,"St. Ignatius, On"
300,"326","",0,"Ascension, On the"
301,"327","",0,"Sign of the Cross, On ye"
302,"328","",0,"Easter Sunday, On"
303,"329","",0,"Passion Sermon"
304,"330","",0,"Christian Charity"
305,"331","",0,"Retirement from Worldly affairs"
306,"332","",0,"Holy Sacrifice of Mass, Upon the"
307,"333","",0,"Resurrection, On the"
308,"334","",0,"Ascension of our Lord, The"
309,"335","",0,"Madgalain, or ye. Poenitent Sinner"
310,"336","",0,"Self-love, On"
311,"337","",0,"Preparation for Death, On"
312,"338","",0,"Ash Wednesday"
313,"339","",0,"God's patience towards sinners, On"
314,"340","",0,"General Judgmt"
315,"341","",0,"Faith, On"
316,"342","",0,"Marriage, On"
317,"343","",0,"Purification, On the"
318,"344","",0,"Contrition, On"
319,"345","",0,"Penance, On"
320,"346","",0,"Judgment, On"
321,"347","",0,"Word of God, On the"
322,"348","",0,"Charity, On"
323,"349","",0,"Charity, On"
324,"350","",0,"Fasting, On"
325,"351","",0,"Gluttony, On"
326,"352","",0,"Passion, On the"
327,"353","",0,"Repentance, On"
328,"354","",0,"Condemning one's neighbor, On"
329,"355","",0,"Unclean thoughts, On"
330,"356","",0,"Importance of works, On the"
331,"357","",0,"Preparation for judgment, On"
332,"358","",0,"Prayer, On"
333,"359","",0,"Pride, On"
334,"360","",0,"Scribes and Pharisees, On the"
335,"361","",0,"Ordination, On "
336,"362","",0,"Ordination, On"
337,"363","",0,"Pentecost, On"
338,"364","",0,"Great commission, On the"
339,"365","",0,"St. John the Baptist, On"
340,"366","",0,"Repentance, On"
341,"367","",0,"Renunciation of the world, On"
342,"368","",0,"Steadfastness, On"
343,"369","",0,"Obedience, On"
344,"370","",0,"Preparation for Death, On"
345,"371","",0,"Transfiguration, On the"
346,"372","",0,"Eternity, On"
347,"373","",0,"Fasting, On"
348,"374","",0,"Relapse, On"
349,"375","",0,"Easter, On"
350,"376","",0,"Repentance, On"
351,"377","",0,"Pardoning one's enemies, On"
352,"378","",0,"Advent, On"
353,"379","",0,"Slavery to human respects, On"
354,"380","",0,"Pentecost, On"
355,"381","",0,"True church, On the one"
356,"382","",0,"Passion, On the"
357,"383","",0,"Ascensionis, In festo"
358,"384","",0,"Eight Beatitudes, On ye"
359,"385","",0,"Creed, On the"
360,"386","",0,"Perseverance, Of"
361,"387","",0,"Sincere conversion, On"
362,"388","",0,"Marriage, On"
363,"389","",0,"Word of God, On the"
364,"390","",0,"God's mercy towards sinners, On"
365,"391","",0,"Resurrection, On the"
366,"392","",0,"Innocence, On"
367,"393","",0,"Humility, On"
368,"394","",0,"Judgment, On"
369,"395","",0,"Resurrection, On the"
370,"396","",0,"Easter duty, On"
371,"397","",0,"Resurrection, On the"
372,"398","",0,"Love of our neighbor, Of ye"
373,"399","",0,"Loving our enemies, On"
374,"400","",0,"Preparation for Death, On"
375,"401","",0,"Remedies for sin, On"
376,"402","",0,"Festa Sancti P. Ignatii, In"
377,"403","",0,"Judgment, On"
378,"404","",0,"Relapse, On"
379,"405","",0,"Communion, On"
380,"406","",0,"Charity, On"
381,"407","",0,"Obedience to God, On"
382,"408","",0,"Good works, On"
383,"409","",0,"Serving God, On"
384,"410","",0,"Communion, On"
385,"411","",0,"Penance, On"
386,"412","",0,"Penance, On"
387,"413","",0,"Advantages of doing penance, On the"
388,"414","",0,"Temptations, On"
389,"415","",0,"Associating with sinners, On"
390,"416","",0,"Assumption, On the"
391,"417","",0,"Vice of Ingratitude, On the"
392,"418","",0,"Salvation, On"
393,"419","",0,"Feast of All Saints, On the"
394,"420","",0,"Frequent communion, On"
395,"421","",0,"Mortal sin, On"
396,"422","",0,"Resurrection, On the"
397,"423","",0,"Scourging of Christ, On the"
398,"424","",0,"Ascension, On the"
399,"425","",0,"Feast of All Saints, On the"
400,"426","",0,"Mass, On the"
401,"427","",0,"Salvation, On"
402,"428","",0,"First Commandment, On the"
403,"429","",0,"Easter duty, On"
404,"430","",0,"Torments of Hell, On the"
405,"431","",0,"Renouncing God, On"
406,"432","",0,"Resurrection, On the"
407,"433","",0,"Crowning with thorns, On the"
408,"434","",0,"Receiving injuries from others, On"
409,"435","",0,"Pentecost, On"
410,"436","",0,"Nativity, On the"
411,"437","",0,"Circumcision, On the"
412,"438","",0,"Giving Alms, On"
413,"439","",0,"All Souls"
414,"440","",0,"Nativity, On the"
415,"441","",0,"Humiliations and afflictions, On"
416,"442","",0,"Mortification of our passions, On the"
417,"443","",0,"Repentance, On"
418,"444","",0,"Sin, On"
419,"445","",0,"Ninth Article"
420,"446","",0,"Sin, On"
421,"449","",0,"Penance, On"
422,"450","",0,"Feast of Lent, On the"
423,"451","",0,"Afflictions, On"
424,"452","",0,"All Saints, For"
425,"453","",0,"Sexagesima Sunday, On"
426,"454","",0,"Pentecost, On"
427,"455","",0,"Marriage, On"
428,"456","",0,"Marriage, On"
429,"457","",0,"Purgatory, On"
430,"458","",0,"Nativity, On the"
431,"459","",0,"Ephiphany"
432,"460","",0,"Vocation to Sanctity, On our"
433,"461","",0,"Importance of Salvation, The"
434,"462","",0,"Profanity, On"
435,"463","",0,"Feast of the name of Jesus, On the"
436,"464","",0,"Circumcision, On the"
437,"465","",0,"Resurrection, On the "
438,"235a","",0,"Resurrection, On the"
439,"235b","",0,"Obedience to God, On"
440,"235c","",0,"Advent, On"
441,"235d","",0,"Death, On"
442,"235e","",0,"Hope, Of"
443,"235f","",0,"Dangerous to live in sin"
444,"235g","",0,"Effects of Sin, Ye"
445,"235h","",0,"Human ingratitude"
446,"235i","",0,"Communion, On"
447,"235j","",0,"All Saints"
448,"235k","",0,"Presence of God, On the"
449,"235l","",0,"Day of judgment, On the"
450,"235m","",0,"Circumcision, On the"
451,"235n","",0,"Swearing, On"
452,"235o","",0,"Sacrament of penance, On the"
453,"235p","",0,"Dispositions necessary to receive profitably the Sacrament of penance, Of the"
454,"235q","",0,"True religion, On"
455,"235r","",0,"Protestant and Catholic churches, On the"
456,"235s","",0,"Happiness, On"
457,"235t","",0,"Infallibility of the Church, On the"
458,"235u","",0,"Pastoral duties, On"
459,"235v","",0,"St Ignatius, On"
460,"317a","",0,"Repentance, On"
461,"468","",0,"Fast Sermon Preached in 1756 on I Kings 21:29, A"
462,"469","",0,"Decay of Christianity, The"
463,"470","",0,"Rich Man and Lazarus, The"
464,"471","",0,"Thanksgiving Sermon, A"
465,"472","",0,"Blessed is the Man that Trusteth in the Lord"
466,"473","",0,"Goodness and Bounty of God, The"
467,"474","",0,"Pride, On"
468,"475","",0,"Regeneration and the Law of God"
469,"476","",0,"Dedication to God"
470,"477","",0,"Contemplation of Christ, The"
471,"548","",0,"Substance of a Sermon, preached by Tho. Coke "
472,"631","",0,"Thanksgiving Sermon, A, in consequence of the President's Proclamation"
473,"632","",0,"Sermon Preached at the Death of General Washington"
474,"633","",0,"Divinity of Christ & the Truth of His Revelation, The"
475,"634","",0,"Reforming from Vicious Habits"
476,"635","",0,"Hypocrisy in Religion"
477,"636","",0,"Sermon on Acts 2[4]. 25."
478,"637","",0,"Religious Education of Children, The"
479,"638","",0,"Impiety & Folly of Dependence upon the World, The"
480,"639","",0,"Doctrine of the Triune God, The"
481,"640","",0,"Necessity of Watchfulness & Prayer, The"
482,"641","",0,"Denial of the Existence of God, The"
483,"642","",0,"Belief in Christ"
484,"643","",0,"Second Coming, The"
485,"644","",0,"Earth a Place of Troubles, The"
486,"645","",0,"Set thine House in Order"
487,"646","",0,"Gospel No Cause for Shame, The"
488,"647","",0,"Race for Heaven, The"
489,"648","",0,"Funeral Sermon for Mrs. Nancy Austin"
490,"649","",0,"Duty of Parents to Educate their Children, The"
491,"650","",0,"Joy of Keeping Sacred the Lord's Day, The"
492,"651","",0,"Temple of God on Earth, The"
493,"652","",0,"Tenderness and Mercy of God, The"
494,"653","",0,"Peace and Tribulation"
495,"654","",0,"Words of Eternal Life, The"
496,"655","",0,"Wisdom, Money, and Knowledge"
497,"656","",0,"All is Vanity & Vexation of Spirit"
498,"657","",0,"Danger of Mocking Religion, The"
499,"658","",0,"Neither Poverty Nor Riches"
500,"659","",0,"End and the Means, The"
501,"660","",0,"Observance of God's Commandments, The"
502,"661","",0,"Living a Holy Life"
503,"662","",0,"Force of Truth, The"
504,"663","",0,"Importance of Knowledge, The"
505,"664","",0,"Hour of Christ, The"
506,"665","",0,"Let us run with Patience the Race"
507,"666","",0,"Evening Prayer, On"
508,"667","",0,"Sermons preached after 1800 by John Durbarrow Blair "
509,"669","",0,"But thou, when thou prayest, enter into thy Closet"
510,"670","",0,"But thou, when thou prayest, enter into thy Closet"
511,"671","",0,"Walk in the Spirit"
512,"672","",0,"Mark the perfect Man, and behold the upright"
513,"673","",0,"Remember now thy Creator in the Days of thy Youth"
514,"674","",0,"Seek ye first the Kingdom of God & his Righteousness, But"
515,"675","",0,"Thy will be done on earth as it is in heaven"
516,"676","",0,"Rabbi, we know, that thou art a Teacher come from God"
517,"677","",0,"Let your Requests be made known unto God"
518,"679","",0,"So then, after the Lord had spoken unto them"
519,"680","",0,"Children, obey your Parents in the Lord"
520,"681","",0,"fast appointed by public authority, for a"
521,"682","",0,"Sermon upon the decay of Christianity"
522,"692","",0,"Salvation"
523,"693","",0,"Inward light, On"
524,"694","",0,"Lisbon Earthquake, About"
525,"718","",0,"Homily of the State of Matrimony, An"
526,"719","",0,"Serious Advice not to---"
527,"720","",0,"Funeral of Anne Lloyd, On the"
528,"721","",0,"Death of Edward Lloyd, On the"
529,"723","",0,"Two Sermons"
530,"724","",0,"Prodigal Son, On the"
531,"725","",0,"Out of the Heart proceed evil Thoughts, For"
532,"726","",0,"In Praise of God"
533,"727","",0,"Ye cannot serve God & Mammon"
534,"737","",0,"Doctrine, Morals, and Blasphemy, On"
535,"738","",0,"Fear of the Lord, On"
536,"739","",0,"Wedding Sermon"
537,"740","",0,"Promises of God, On the"
538,"741","",0,"Religious Retreats Prayer and Communion with God, On"
539,"742","",0,"Seek ye first the Kingdom of God"
540,"743","",0,"Immutability of God, On the"
541,"744","",0,"God's protection, On"
542,"745","",0,"Free Will, On"
543,"746","",0,"God is Love"
544,"747","",0,"Wealth, On"
545,"748","",0,"Daemoniac, The"
546,"749","",0,"Convention Sermon"
547,"750","",0,"Study to shew thyself approved unto God"
548,"751","",0,"Two Sermons by John Coleman"
549,"752","",0,"While ye Child was yet alive"
550,"753","",0,"Funeral Sermon Jan. 1799"
551,"754","",0,"Against Idleness"
552,"755","",0,"Christmas [Two Sermons by John Coleman]"
553,"756","",0,"Christmas"
554,"757","",0,"Christmas"
555,"758","",0,"Joshua's Resolution"
556,"759","",0,"Last Judgment, On the"
557,"770","",0,"New Year & Nature"
558,"771","",0,"New Year"
559,"772","",0,"Nature of Love to God & Christ"
560,"773","",0,"Notes on Hebrews 11, 6"
561,"774","",0,"Pardoning Mercy"
562,"775","",0,"Parable of the Sower, The"
563,"776","",0,"Public Worship"
564,"777","",0,"Sermon on Grace"
565,"778","",0,"Sermon on the flesh and the spirit"
566,"779","",0,"Sermon on Be not ashamed"
567,"780","",0,"Sermon on Godliness with Contentment, A"
568,"781","",0,"Sermon on the Advantages of Religion"
569,"782","",0,"Sermon on the Nature of true Holiness, A"
570,"783","",0,"True Honour of Man, On the"
571,"784","",0,"Power of the Gospel, The"
572,"785","",0,"Sermon on Prayer"
573,"786","",0,"Rule of Equity, The"
574,"787","",0,"Sermon on St. Luke 22, 19 & 20"
575,"788","",0,"Sermon for Whitsunday"
576,"789","",0,"Wonderful Compassions of Christ to the greatest Sinners, The"
577,"790","",0,"Two Sermons by John Coleman (Acc. 790)"
578,"791","",0,"Now then we are Ambassadors for Christ"
579,"792","",0,"In trust with the Gospel"
580,"793","",0,"Two Sermons by John Coleman"
581,"794","",0,"Faith, Hope, and Charity"
582,"795","",0,"What is a man profited if he shall gain the whole world"
583,"796","",0,"Two Sermons by John Coleman"
584,"797","",0,"Fruit of the Spirit, The"
585,"798","",0,"Kingdom come, Thy"
586,"799","",0,"Two Sermons [by John Coleman]"
587,"800","",0,"Kingdom come, Thy"
588,"801","",0,"We are ambassadors for Xt."
589,"802","",0,"Two Sermons [by John Coleman]"
590,"803","",0,"Fervent in Spirit"
591,"804","",0,"Remember now thy Creator"
592,"805","",0,"This do in remembrance of me"
593,"806","",0,"We preach not ourselves, but Xt Jesus"
594,"807","",0,"We preach not ourselves, but Xt Jesus"
595,"808","",0,"We preach not ourselves, but Xt Jesus"
596,"809","",0,"Christ hath redeemed us from the curse of the law"
597,"810","",0,"Wisdom is justified of all his children"
598,"811","",0,"When the unclean spirit is gone out of a man"
599,"812","",0,"Joy of the Lord is your strength, The"
600,"813","",0,"There shall come in the last days scoffers"
601,"814","",0,"What is a man profited?"
602,"815","",0,"Therefore be ye also ready"
603,"816","",0,"Study to shew thyself approved unto God"
604,"817","",0,"Study to shew thyself approved unto God "
605,"818","",0,"Repent and believe the Gospel"
606,"819","",0,"wrongful actions of nations, On the"
607,"820","",0,"Hope, On"
608,"821","",0,"love of Jesus, On the"
609,"822","",0,"Lord's Supper, On the "
610,"823","",0,"Five Sermons by John Coleman"
611,"824","",0,"We preach not ourselves, but Christ Jesus"
612,"825","",0,"We preach not ourselves, but Christ Jesus"
613,"826","",0,"Office of the Preacher, The"
614,"827","",0,"Shewing thyself a pattern of good works"
615,"828","",0,"Study to shew thyself approved unto God"
616,"829","",0,"regeneration and not returning to heathen habits, On"
617,"830","",0,"Christ our deliverer and salvation"
618,"831","",0,"Genuine Love of God, On"
619,"832","",0,"Christ the light of the World, On"
620,"833","",0,"Thy Kingdom come"
621,"834","",0,"Draw nigh to God"
622,"835","",0,"Wealth"
623,"836 ","",0,"Fools make a Mock at Sin"
624,"838","",0,"merry heart, A"
625,"839","",0,"Education, On"
626,"841","",0,"Sermon preached in my own Parish Church, A"
627,"842","",0,"Corrupt Clergy, A"
628,"843","",0,"Patience, On"
629,"847","",0,"Sermon on Easter"
630,"848","",0,"Sermon on Everlasting Life"
631,"865","",0,"Four Sermons [by Hatch Dent]"
632,"866","",0,"Good Government, On"
633,"867","",0,"Christian Religion, On the"
634,"868","",0,"Be Ye Perfect"
635,"869","",0,"Sermon on Judgment and the Jews"
636,"870","",0,"Love of the World, On"
637,"871","",0,"Easter Sermon"
638,"872","",0,"Ease, Of"
639,"873","",0,"We speak not as pleasing Men, but God"
640,"874","",0,"Together in Unity"
641,"875","",0,"Appearance of an approaching Rupture with France, On the"
642,"876","",0,"Two Sermons by Edward Gantt"
643,"877 ","",0,"Just shall live by Faith, The"
644,"878","",0,"wise Son maketh a glad father, A"
645,"879","",0,"transitoriness of life, On the"
646,"880","",0,"Sermon on the World"
647,"881","",0,"Affliction and Salvation"
648,"882","",0,"Five Sermons by George Goundril"
649,"883","",0,"Two Sermons by George Goundril"
650,"884","",0,"Way of Peace, The"
651,"885","",0,"Cross, On the"
652,"887","",0,"Three Sermons by George Goundril"
653,"888","",0,"Righteousness, Temperance, and Judgment to come"
654,"889","",0,"Ye shall not swear by my Name falsely"
655,"890","",0,"Work out your own Salvation with Fear and Trembling"
656,"891","",0,"Nature of God, On the"
657,"892","",0,"Bordley Funeral Sermon"
658,"893","",0,"Sermon before General Assembly in 1689"
659,"895","",0,"Wine & Milk without Money & without Price"
660,"896","",0,"Gospel only profitable, A"
661,"897","",0,"Children of Light instructed how to walk, The"
662,"898","",0,"We also are compassed about with so great a cloud of witnesses"
663,"899","",0,"If ye live after the flesh ye shall die"
664,"900","",0,"Be not conformed to this world"
665,"901","",0,"Justified by faith"
666,"902","",0,"Death, On"
667,"904","",0,"Two Sermons [by Robert Preade (Read?)]"
668,"905","",0,"Regeneration, On"
669,"906","",0,"Sermon delivered at the Bank Meeting House, A"
670,"907","",0,"Religion the <i>rest</i> of all that labour"
671,"908","",0,"Jews, Sin, and the Law, On"
672,"910","",0,"Sermon at the opening of S. Annes Ch."
673,"911","",0,"Peter's Denial of his Lord"
674,"912","",0,"Untitled Ms. Sermons 1686 and 1707"
675,"913","",0,"There is no peace saith my God to ye Wicked"
676,"914","",0,"Let not the wise man glory in his wisdom"
677,"915","",0,"Funeral sermon on younger Robert Carter at Nomini"
678,"916","",0,"Sermons (1770) of an unidentified minister, Three"
679,"917","",0,"I have lived in all good conscience before God"
680,"918","",0,"True and righteous believers"
681,"919","",0,"Good Conscience, On"
682,"920","",0,"We must all appear before the Judgment Seat of Christ"
683,"921","",0,"public fast-day to minute-company at Charlottesville, On"
684,"922","",0,"Address from the Clergy of New-York and New-Jersey to the Episcopalians in Virginia, An"
685,"923","",0,"Farewell Sermon"
686,"925","",0,"Except ye repent, ye shall all in like manner perish"
687,"926","",0,"God's help--A Confirmation Sermon"
688,"927","",0,"Rejoicing in the Lord"
689,"928","",0,"Take heed to yourselves"
690,"929","",0,"Textbook of Sermons Heard by Richard Dozier"
691,"930","",0,"Sermon on the married state"
692,"931","",0,"Sermon on the death of Col. George Carrington"
693,"933","",0,"Sermon against slavery"
694,"935","",0,"Sermon Preached at James City in Virginia, A"
695,"936","",0,"Every one that loveth is born of God"
696,"937","",0,"Become as little children"
697,"938","",0,"Sermon on 2 Cor. 4. 13"
698,"939","",0,"He is not a Jew, which is one outwardly"
699,"940","",0,"Unstable as Water thou shalt not excell"
700,"941","",0,"Thanksgiving Sermon, A"
701,"942","",0,"Sermon on the parable of the Rich Man and Lazarus"
702,"943","",0,"Sermon on Isaiah XLIV: 5"
703,"944","",0,"Sermons, 1792-1802 [by Armistead Smith]"
704,"945","",0,"City that is on an Hill cannot be hid, A"
705,"946","",0,"Divine Government the Joy of our World, The"
706,"947","",0,"Two Sermons on the Death of Elder Lewis Lunsford"
707,"948","",0,"Work of Christ, For the"
708,"949","",0,"Testify the Gospel of the Grace of God"
709,"950","",0,"One Thing Needful, The"
710,"951","",0,"Creation"
711,"952","",0,"Crime and Curse of Plundering, The"
712,"953","",0,"Sermon from Deuteronomy, A"
713,"954","",0,"Sermon for the Anniversary of American Independence, A"
714,"955","",0,"Sermon On The Law of God, A"
715,"956","",0,"Sermon on The Law of God, A"
716,"957","",0,"Sermon on The Creation of Man, A"
717,"958","",0,"Sermon on Matthew 11, 28-30"
718,"959","",0,"Discourse on Regulators in 1768"
719,"960","",0,"Kingdom of God shall be taken from you, The"
720,"961","",0,"Sermon #14 from Psalm LXXIII. 25th, A"
721,"962","",0,"Preach the Word"
722,"963","",0,"Love of God in the salvation of man, The"
723,"964","",0,"Origin of Love, The"
724,"965","",0,"Sermon on The Love of God, A"
725,"742a","",0,"Seek ye first the Kingdom of God--Sermon I"
726,"742b","",0,"Seek ye first the Kingdom of God--Sermon II"
727,"880a","",0,"Sermon on the World"
728,"880b","",0,"Sermon on the World"
729,"904a","",0,"Good Friday, On"
730,"932a","",0,"Freedom is a blessing"
731,"966x","",0,"There Remaineth therefore a rest to the People of God"
732,"966","",0,"Sermon on the profanation of the name of God, A"
733,"967","",0,"Gratitude to God, On"
734,"968","",0,"What is to be done for the inheritance of eternal life, On"
735,"969","",0,"Cause of Children Advocated, The"
736,"970","",0,"Cause of young children advocated, The"
737,"971","",0,"Infant's Cause advocated, The"
738,"972","",0,"Infant's Cause advocated, The"
739,"973","",0,"Infant's Cause advocated, The"
740,"974","",0,"Gracious Declarations of Christ in favor of Little Children, On the"
741,"975","",0,"Gracious Declarations of Christ in favor of little children, On the"
742,"976","",0,"Certainty of Death, On the"
743,"977","",0,"Self-examination, On"
744,"978","",0,"Character of Judas, On the"
745,"979","",0,"Except a man be born again He cannot see the Kingdom of God"
746,"980","",0,"Duty of Man to his Creator, On the"
747,"981","",0,"Discourse on the Analogy between Christ crucified, & the brazen Serpent, A"
748,"982","",0,"Sermon on Hebrews 12th C & 14 V, A"
749,"983","",0,"Short Discorce [sic] on the 14C. of Reveration [sic] & 13V, A"
750,"984","",0,"Blasphemy against the Holy Ghost"
751,"985","",0,"Go ye therefore & teach all nations"
752,"986","",0,"Arise ye and Depart"
753,"987","",0,"Sermon notes on the books of Timothy"
754,"988","",0,"Discourses Delivered in Charleston"
755,"989","",0,"Lord's Day Morn:"
756,"990","",0,"Lord's Day"
757,"991","",0,"Two sermons and a charge to two newly ordained ministers"
758,"991b","",0,"Lord Day Aft:"
759,"991c","",0,"Charge to the Newly Ordained, A"
760,"993","",0,"Our fellowship is with the Father & with his son"
761,"994","",0,"Sermon on Romans 7th 18th, A"
762,"995","",0,"Lecture delivered at Marsh creek January 8th. 1794, A"
763,"996","",0,"Peace I leave with you"
764,"997","",0,"Sermon on Psal. 118, 2d, A"
765,"998","",0,"Sermon Notes on the Lord's Supper"
766,"999","",0,"Cup of Blessing, The"
767,"1000","",0,"Sermon on the Sacrament of the Lord's Supper"
768,"1001","",0,"Proper Distribution of the Elements of the Sacrament of the Lord's Supper"
769,"1002","",0,"To Whom is the Cup in the Sacrament a Cup of Blessing?"
770,"1003","",0,"Sermon on the Sacrament of the Lord's Supper"
771,"1004","",0,"Duties Regarding the Sacrament of the Lord's Supper"
772,"1005","",0,"Duties Regarding the Sacrament of the Lord's Supper"
773,"1006","",0,"Blood and Body of Christ, The"
774,"1007","",0,"Sermon on the Lord's Supper"
775,"1008","",0,"Duty in the Receiving of the Lord's Supper"
776,"1009","",0,"Sermon on the Lord's Supper"
777,"1012","",0,"Come unto me all ye that labour"
778,"1013","",0,"How can ye escape the Damnation of Hell"
779,"1014","",0,"Seventeen Manuscript Sermons, 1760-1804, [by Samuel Stillman]"
780,"1015","",0,"Sermon preached at New York"
781,"1017","",0,"It is appointed unto man once to die"
782,"1018","",0,"Let us not be weary in well-doing"
783,"1019","",0,"Seven Mss. Sermons Delivered [by Samuel Frink] in Christ Church, Savannah"
784,"1020","",0,"Burial of Xt, On the"
785,"1021","",0,"Take heed therefore how ye hear"
786,"1022","",0,"Christ Jesus our Lord"
787,"1023","",0,"Passion of Xt, On the"
788,"1024","",0,"Sermon on the Ascension"
789,"1025","",0,"Through a Glass Darkly"
790,"1026","",0,"By the Obedience of One shall many be made Righteous"
791,"1027","",0,"Sermon on Acts X, 33"
792,"1028","",0,"Sermon occasioned by the death of Deacon Thomas Quarterman"
793,"1030","",0,"Certainty of Death, On the"
794,"1031","",0,"Method of Confessing"
795,"1032","",0,"Penance, On"
796,"1033","",0,"Nativity of our Lord, On ye"
797,"1034","",0,"Detraction, On"
798,"934","",0,"Fourtie eight sermons preached by Mr. Robert Paxton"
799,"934a","",0,"Son of God, The"
800,"934b","",0,"Resurrection of Christ, Of the"
801,"934c","",0,"Anger, Of"
802,"934d","",0,"Tares in the Church, Of the"
803,"934e","",0,"Humility, Of"
804,"934f","",0,"Imitating God, Of"
805,"934g","",0,"Fortitude & resolution, of"
806,"934h","",0,"Repentance, Of"
807,"934i","",0,"Loving one another, Of"
808,"934j","",0,"Christ's Resurrection, Of"
809,"934k","",0,"Salvation, Of"
810,"934l","",0,"Living a good life, Of"
811,"934m","",0,"Sacrament, Of the"
812,"934n","",0,"Patience, Of"
813,"934o","",0,"Angels, Of"
814,"934p","",0,"Peace, Of"
815,"934q","",0,"Future happiness, Of"
816,"934r","",0,"Christian race, Of the"
817,"934s","",0,"Wisdom of fearing God, The"
818,"934t","",0,"Man's blessed End, Of"
819,"934u","",0,"Walking Circumspectly, Of"
820,"934v","",0,"Redeeming the time, Of"
821,"934w","",0,"Christ's Crucifixion, Of"
822,"934x","",0,"Holy Ghost's descent, Of the"
823,"934y","",0,"Our Lord's Incarnation, Of"
824,"934z","",0,"Blameless living, Of"
825,"934aa","",0,"Moderation, Of"
826,"934bb","",0,"Justice and Equity"
827,"934cc","",0,"Christ's propitiation, Of"
828,"934dd","",0,"Sacrament, Of the"
829,"934ee","",0,"Love, Of"
830,"934ff","",0,"Fast Sermon, A"
831,"934gg","",0,"Christ's Passion, Of"
832,"934hh","",0,"Gospel light"
833,"934ii","",0,"Godliness maketh Happy"
834,"934jj","",0,"Christ our head"
835,"934kk","",0,"Against evil speaking"
836,"934ll","",0,"Parable of the Sower, The"
837,"934mm","",0,"Against the fear of death"
838,"934nn","",0,"Lord's Supper, Of the"
839,"934oo","",0,"Burdens of sin, Of the"
840,"934pp","",0,"Anent afflictions"
841,"934qq","",0,"Deliverance from sea dangers"
842,"934rr","",0,"Easiness of Christ's yoke, The"
843,"934ss","",0,"Souls rest, The"
844,"934tt","",0,"Examples to Christians"
845,"934uu","",0,"Christ tempted"
846,"934vv","",0,"Loss and gain of the soul"
847,"991a","",0,"Lord's Day Morn:"
848,"1600a","",0,"Sermons [by Archibald Simpson]"
849,"1601","",0,"Sermon 3d from Luke 10 Ch 41, 42 vs."
850,"1602","",0,"Sermon 4th from Luke 10 Ch 41, 42 vs."
851,"1603","",0,"Sermon from John 3d Ch 3 & 5 vs."
852,"1604","",0,"Sermon 2d from John 3d Ch 3 & 5 vs."
853,"1605","",0,"Sermon 3d from John 3 Ch 3 & 5 vs."
854,"1606","",0,"Sermon 4th from John 3 Ch 3 & 5 vs."
855,"1607","",0,"Sermon 5 from John 3d Ch 3 & 5 vs."
856,"1608","",0,"Sermon from Colos 3d Ch 2, 3, 4 vs."
857,"1609","",0,"Sermon 2d from Col 3d Ch 2, 3, 4 vs."
858,"1610","",0,"Sermon from 1st Ep Peter 1st Ch 6 & 7 vs."
859,"1611","",0,"Sermon from 1 Ep John 1 Ch & 7 vs lt pt."
860,"1612","",0,"Sermon from Ps 39, 10, 11, 12 vs."
861,"1613","",0,"Sermon from Ps 26 & 6"
862,"1614","",0,"Sermon from John 14, 23"
863,"1615","",0,"Sermon 2d from John 14 Ch 23"
864,"1616","",0,"Sermon from Rev 4 Ch 10 vs."
865,"1617","",0,"Phillipians 2d Ch & 8 vs."
866,"1618","",0,"Sermon from Luke 1st Ch 17 vs lt pt"
867,"1619","",0,"Sermon 2d from Luke 1st Ch 17 vs"
868,"1620","",0,"Sermon 1st from John 14 Ch 23 vs."
869,"1621","",0,"Sermon first from Isai 55 Ch 7 vs."
870,"1622","",0,"Sermon from Psalme 38 vs 18"
871,"1623","",0,"Sermon from Jerem 31 & 20"
872,"1624","",0,"Sermon from 2d Peter 3d Ch & 11 vs."
873,"1625","",0,"Sermon 2d from 2d Peter 3d Ch & 11 vs."
874,"1626","",0,"Sermon from 1st Tim 1st Ch & 15 vs"
875,"1627","",0,"Sermon 2d from 1st Tim 1st Ch & 15 vs"
876,"1628","",0,"Sermons Vollume Thirteenth [by Archibald Simpson]"
877,"1629","",0,"Sermon 7 from Titus 2, 11, 12"
878,"1630","",0,"Sermon from Rev 2, 17"
879,"1631","",0,"Sermon from Ps 103, 19"
880,"1632","",0,"Sermon from Matt 4, 10"
881,"1633","",0,"Sermon from John 4, 24"
882,"1634","",0,"Sermon from Exod 20, 8 vs"
883,"1635","",0,"Sermon from 1 Ep John 1 & 7"
884,"1636","",0,"Sermon from Ezek 33, 33"
885,"1637","",0,"Ezek 33, 33 Sermon 2d"
886,"1638","",0,"Sermon from Gal 5, 15"
887,"1639","",0,"Sermon from Phillip 1, 27"
888,"1640","",0,"Sermon 2d from Phillip 1, 27"
889,"1641","",0,"Sermon from Isai 66 & 2d"
890,"1642","",0,"Sermon from Matthew 6, 33"
891,"1643","",0,"Corr 1, 21, 1[First]"
892,"1644","",0,"Lecture upon 2 Sam 24 Ch, A"
893,"1645","",0,"Sermon from Isai 26 Ch, 8, 9 vs, A"
894,"1646","",0,"Sermon 2d from Isai 26 Ch 8, 9 vs."
895,"1647","",0,"Sermon from Psal 14 & 1"
896,"1648","",0,"Archibald Simpson Manuscript Sermons"
897,"1649","",0,"Sermon from John [14] Ch & 47 vs, A"
898,"1650","",0,"Sermon from Ps 116, 16 vs, A"
899,"1651","",0,"Sermon from Isai 53 ch & 5 vs, A"
900,"1652","",0,"Sermon from Matt 22 Ch 4 vs, A"
901,"1653","",0,"Sermon from Deut 5 ch 29 vs, A"
902,"1654","",0,"sermon from deut 5 ch 29 vs, A 2d"
903,"1655","",0,"Sermon from songs 8 ch & 2d vs, A"
904,"1656","",0,"sermon from songs 8 ch & 2d vs, A 2d"
905,"1657","",0,"Two sermons undivided from Jer 3d Ch 19"
906,"1658","",0,"Action sermon from 1 Corr 1st Ch & 9 vs"
907,"1659","",0,"Action sermon from Isai 53 ch & 10 vs"
908,"1660","",0,"Action sermon from Zech 6 ch 13 vs"
909,"1661","",0,"Two sermons undivided from Lev 10 Ch 3d vs"
910,"1662","",0,"Two sermons undivided from Isai 44 Ch 3d vs"
911,"1663","",0,"Sermon from Job 31 Ch & 6 vs, A"
912,"1664","",0,"Sermon from Job 31 Ch & 6 vs"
913,"1665","",0,"Sermons on Various Occasions by the Rev. Paul Turquand, Volume I"
914,"1666","",0,"Ye should do as I have done to you"
915,"1667","",0,"I am with you always"
916,"1668","",0,"Behold, the fear of the Lord, th[at] is Wisdom"
917,"1669","",0,"Opening of the Chappel Amelia, At the"
918,"1670","",0,"Can the Ethiopian change his skin, or the Leopard his spots?"
919,"1671","",0,"Remember now thy Creator in the Days of thy Youth"
920,"1672","",0,"Through him we both have an Access by one Spirit unto the Father"
921,"1673","",0,"Fruits of the Spirit, The"
922,"1674","",0,"I am with you always"
923,"1675","",0,"Without me ye can do nothing"
924,"1676","",0,"Let us therefore fear"
925,"1677","",0,"For of such is the Kingdom of Heaven"
926,"1678","",0,"O that they were wise"
927,"1679","",0,"I am a Companion of all of them that fear thee"
928,"1680","",0,"Goodness & Security of God in the sufferings of Christ, The"
929,"1681","",0,"Neither Circumcision availeth anything, no[r] uncircumcision, but a new Creature"
930,"1682","",0,"Vanity of human Life"
931,"1683","",0,"God is not a man that he should lie"
932,"1684","",0,"Hardened thro' the deceitfulness of sin"
933,"1685","",0,"Let us not be weary in well-doing"
934,"1686","",0,"Your labor is not in vain in the Lord"
935,"1687","",0,"Whatsoever ye would that Men should do to you, do ye even so to them"
936,"1688","",0,"Sermons on Various Occasions by the Rev. Paul Turquand, Volume II"
937,"1689","",0,"He hath appointed a Day, in the which he will judge the World in righteousness"
938,"1690","",0,"Every man shall receive his own reward, according to his own labour"
939,"1691","",0,"Forgetting those things which are behind"
940,"1692","",0,"It is a fearful thing to fall into the Hands of the living God"
941,"1693","",0,"Be ye doers of the word"
942,"1694","",0,"Set your affection on things above"
943,"1695","",0,"Being of a God, On the"
944,"1696","",0,"I know that thou wilt bring me to Death"
945,"1697","",0,"In my prosperity I said, I shall never be moved"
946,"1698","",0,"Path of the just is as the shining Light, The"
947,"1699","",0,"Love not the World"
948,"1700","",0,"Deliverance from sin, the End of Christ's coming"
949,"1701","",0,"Truly God is good"
950,"1702","",0,"If thou wilt enter into life, keep the Commandments"
951,"1703","",0,"As the Lord liveth, the man that hath done this thing shall surely die"
952,"1704","",0,"And I will pray the Father"
953,"1705","",0,"Shine to enter at the strait Gate"
954,"1706","",0,"When I have [a] convenient season, I will call for thee"
955,"1707","",0,"Faith the Gift of God. 1786"
956,"1708","",0,"Necessity of Virtue in order to Happiness, The"
957,"1709","",0,"Behold, my Servant shall deal prudently"
958,"1710","",0,"So shall he sprinkle many Nations"
959,"1711","",0,"Who gave Jacob for a Spoil, & Israel to the Robbers?"
960,"1712","",0,"If the Son therefore shall make you free, ye shall be free indeed"
961,"1713","",0,"Address on a day of fasting"
962,"1714","",0,"Sermons on Various Occasions by The Rev. Paul Turquand, Volume I"
963,"1715","",0,"We must all appear before the Judgment-Seat of Xt."
964,"1716","",0,"Betrayest thou the Son o[f] man with a Kiss?"
965,"1717","",0,"Having heard the word, keep it, & bring forth fruit"
966,"1718","",0,"What manner of Persons ought we to be"
967,"1719","",0,"Jesus put forth his hand"
968,"1720","",0,"There is no good in them, but for a Man to rejoice and to do good in his life"
969,"1721","",0,"Blessed be the God & Father of our Lord Jesus Xt"
970,"1722","",0,"Sow to yourselves in Righteousness, reap in mercy"
971,"1723","",0,"Fulness of Time, The"
972,"1724","",0,"When the fulness of the Time was come, God sent forth h[is] Son"
973,"1725","",0,"Wait for the Hope of Righteousness by Faith"
974,"1726","",0,"Ask now the beast, & they shall teach thee"
975,"1727","",0,"We Preach Xt. crucified"
976,"1728","",0,"There is a reward for the righteous"
977,"1729","",0,"Work out your own Salvation"
978,"1730","",0,"God is faithful, who will not suffer you to be tempted above that ye are able"
979,"1731","",0,"Search the Scriptures"
980,"1732","",0,"Short Acct. of the Nature, Terms & Conditions of the Baptismal Covenant"
981,"1733","",0,"Great is the Mystery of Godliness"
982,"1734","",0,"We will serve the Lord"
983,"1735","",0,"No chastening for the present seemeth to be joyous"
984,"1736","",0,"Holy Eucharist, On the"
985,"1737","",0,"Faith, On"
986,"1738","",0,"Serve the Lord with Gladness"
987,"1739","",0,"Let me die the death of the righteous"
988,"1740","",0,"Spiritual Vigilance"
989,"1741","",0,"Youth on being Sober-minded, To"
990,"1742","",0,"Christ's Invitation to penitent Sinners"
991,"1743","",0,"Holy Communion, On the"
992,"1744","",0,"Against the immoderate Pursuit of Pleasure"
993,"1745","",0,"Praise, On"
994,"1746","",0,"Duty of Praise, On the"
995,"1747","",0,"Good Friday, For"
996,"1748","",0,"Nature & Advantages of dying in the Lord, The"
997,"1749","",0,"Murder, On"
998,"1750","",0,"Caution against falling from Grace"
999,"1751","",0,"Punishment of Disobedience, The"
1000,"1752","",0,"Distinction between Doers & mere Hearers of the word"
1001,"1753","",0,"Inefficacy of morality without faith, The"
1002,"1754","",0,"Divine Inspiration of the Scriptures, On the"
1003,"1755","",0,"Divine Inspiration of the Scriptures, On the"
1004,"1756","",0,"Excellence of the Holy Scriptures, On the"
1005,"1757","",0,"Unsearchable Wisdom of God, in his dealings with men, On the"
1006,"1758","",0,"Whitsunday, For"
1007,"1759","",0,"Eternity of God, On the"
1008,"1760","",0,"Love of God, On the"
1009,"1761","",0,"Fear of God, On the"
1010,"1762","",0,"Mercy of God, On the"
1011,"1763","",0,"Immutability of God, On the"
1012,"1764","",0,"Immensity of God, On the"
1013,"1765","",0,"Trust in God, On our"
1014,"1766","",0,"Wisdom of God, On the"
1015,"1767","",0,"Duty of Submission to God, The"
1016,"1768","",0,"Laying-up Treasures in Heaven, On"
1017,"1769","",0,"Persuasive to charity"
1018,"1770","",0,"Resignation of the heart to God, On the"
1019,"1771","",0,"Advantages of simplicity & godly sincerity, On the"
1020,"1772","",0,"Nature of the kingdom & righteousness of God, On the"
1021,"1773","",0,"Revenge, On"
1022,"1774","",0,"Certainty of future happiness, On the"
1023,"1775","",0,"Observation of the Sabbath, On the"
1024,"1776","",0,"Envy, On"
1025,"1777","",0,"Abuses of speech, On the"
1026,"1778","",0,"Duties of a Xtian Minister, The"
1027,"1779","",0,"Amazing bounty of God to man, On the"
1028,"1780","",0,"Contentment, On"
1029,"1781","",0,"Holy Communion, On the"
1030,"1782","",0,"Jail, For the"
1031,"3783","",0,"Spiritual blessings bestowed on man, On the"
1032,"1784","",0,"Parable of the prodigal son, On the"
1033,"1785","",0,"Satisfaction made by Christ, On the"
1034,"1786","",0,"Necessity of improving the religious advantages, The"
1035,"1787","",0,"True faith in Christ, On"
1036,"1788","",0,"Immortality of the Soul, On the"
1037,"1789","",0,"Loving men more than Christ, On"
1038,"1790","",0,"Persuasive to charity"
1039,"1791","",0,"Baptism, On"
1040,"1792","",0,"Early piety, On"
1041,"1793","",0,"Christmas, For"
1042,"1794","",0,"Intercession of Christ, On the"
1043,"1795","",0,"Guarding against detraction from good qualities, On"
1044,"1796","",0,"Justice, On"
1045,"1797","",0,"Patient forbearance of God, On the"
1046,"1798","",0,"Danger of ill advice, On the"
1047,"1799","",0,"Easter, For"
1048,"1800","",0,"Good Friday, For"
1049,"1801","",0,"Retirement & Meditation, On"
1050,"1802","",0,"Free Schools, For the"
1051,"1803","",0,"Third commandment, On the"
1052,"1804","",0,"Baptism, On"
1053,"1805","",0,"Future Judgement, On a"
1054,"1806","",0,"Reasons for the exercise of divine mercy towards Sinners"
1055,"1807","",0,"Sacrifice made by Xt, On the"
1056,"1808","",0,"Earthly happiness, On"
1057,"1809","",0,"Thanksgiving for national blessings"
1058,"1810","",0,"Advent, For"
1059,"1811","",0,"Mercy, On"
1060,"1812","",0,"Regal Character of Christ, On the"
1061,"1813","",0,"Prophetic Character of Christ, On the"
1062,"1814","",0,"Truth of the Scriptures of the New Testament, The"
1063,"1815","",0,"Humility, On"
1064,"1816","",0,"Pleasantness of religion, The"
1065,"1817","",0,"Easter, For"
1066,"1818","",0,"Good Friday, For"
1067,"1819","",0,"Incentives to holiness"
1068,"1820","",0,"Fruits required from men are proportioned to their advantages."
1069,"1821","",0,"Danger of riches, The"
1070,"1822","",0,"Desire of righteousness, Of the"
1071,"1823","",0,"Fallacy of certain specious doctrines detected, The"
1072,"1824","",0,"Prayer, On"
1073,"1825","",0,"Perfection required, On the"
1074,"1826","",0,"Government of the thoughts, On the"
1075,"1827","",0,"Necessity of Revelation, The"
1076,"1828","",0,"Introduction of the Book of Common Prayer, On the"
1077,"1829","",0,"Conscience, On"
1078,"1830","",0,"Success of Xtianity an evidence of its truth, The"
1079,"1831","",0,"Argument from prophecy, The"
1080,"1832","",0,"Argument from Miracles, The"
1081,"1833","",0,"Argument from the Life & Character of Jesus, The"
1082,"1834","",0,"Argument from the excellent nature of Christianity, The"
1083,"1835","",0,"Argument from the excellent effects of Xtianity, The"
1084,"1836","",0,"Summary of the arguments in favor of Christianity"
1085,"1837","",0,"Dying unto sin, and living unto righteousness"
1086,"1838","",0,"Self-examination, On"
1087,"1839","",0,"Duty of parents to their children, On the"
1088,"1841","",0,"Free Schools, For the"
1089,"1842","",0,"Ascension, On the"
1090,"1843","",0,"Whitsunday, For"
1091,"1844","",0,"State between Death & the Resurrection, On a"
1092,"1845","",0,"Walking with God, On"
1093,"1846","",0,"Joy in Prosperity"
1094,"1847","",0,"Divine Providence, Of a "
1095,"1848","",0,"Parable of the Unjust Steward, The"
1096,"1849","",0,"Over-righteousness"
1097,"1850","",0,"God the only source of comfort, support, & protection"
1098,"1851","",0,"Parable of the Housholder, The"
1099,"1852","",0,"Truth of the Old Testament"
1100,"1853","",0,"Objections against Christianity removed"
1101,"1854","",0,"Gospel-conversation, On a"
1102,"1855","",0,"Objection from the number, the abilities, & the virtue of infidels refuted, The"
1103,"1856","",0,"Liturgy, On the"
1104,"1857","",0,"Liturgy, On the"
1105,"1858","",0,"Liturgy, On the"
1106,"1859","",0,"Lord -- Man's Shepherd, The"
1107,"1860","",0,"Omniscience of God"
1108,"1861","",0,"Omnipotence of God, The"
1109,"1862","",0,"Happiness of God, On the"
1110,"1863","",0,"Goodness of God, On the"
1111,"1864","",0,"Conformity to the World, Against"
1112,"1865","",0,"Justice of God, On the"
1113,"1866","",0,"Veracity of God, On the"
1114,"1867","",0,"New Year 1792, For the"
1115,"1868","",0,"Epiphany, For the"
1116,"1869","",0,"Not to be slothful in business"
1117,"1870","",0,"Counsel of God & Future Glory"
1118,"1877","",0,"Natural religion no superseding revealed"
1119,"1878","",0,"Christian Race, The"
1120,"1879","",0,"Human self-deception"
1121,"1880","",0,"Charity, --as defined by St Paul"
1122,"1881","",0,"Power of bad habits, The"
1123,"1882","",0,"Temptations, offered by Satan to Jesus, presented also to man, The"
1124,"1883","",0,"Gospel redeems Men from the bondage of Sin, The"
1125,"1884","",0,"From John XII, 13, No. 1"
1126,"1885","",0,"Parable of the Vineyard let to husbandmen, The"
1127,"1886","",0,"State of the wicked considered, The"
1128,"1887","",0,"Before or after Easter. Nature, ends & effects of the Death of Christ"
1129,"1888","",0,"Good Friday, For"
1130,"1889","",0,"Easter, For"
1131,"1890","",0,"Jesus Xt was sent to bless men, & to reclaim them from sin"
1132,"1891","",0,"Best Christians unprofitable servants, The"
1133,"1892","",0,"Ascension, For the"
1134,"1893","",0,"Jonah, The History of"
1135,"1894","",0,"Blasphemy against the Holy Ghost"
1136,"1895","",0,"Judgement of the World, The"
1137,"1896","",0,"Self-deceit of the wicked"
1138,"1897","",0,"Psalmody, On"
1139,"1898","",0,"Secret Faults"
1140,"1899","",0,"Atonement of Christ, The"
1141,"1900","",0,"Impossibility of Serving God & Mammon, The"
1142,"1901","",0,"Grand moral Design of the Gospel, The"
1143,"1902","",0,"Safety & Security of upright walking, The"
1144,"1903","",0,"Christian Sacrifice, The"
1145,"1904","",0,"Unity of God, The"
1146,"1905","",0,"Prophecy of the Destruction of Jerusalem, The"
1147,"1906","",0,"Putting on the Lord Jesus Christ"
1148,"1907","",0,"Christian Salvation"
1149,"1908","",0,"Delighting in God"
1150,"1909","",0,"Against Love of ye World"
1151,"1910","",0,"Crucifixion of The Flesh"
1152,"1911","",0,"Universal Love & Charity"
1153,"1912","",0,"Working with Fear & Trembling"
1154,"1913","",0,"Friendship of the World, The"
1155,"1914","",0,"Those who honor God"
1156,"1915","",0,"For the Thanksgiving-day, 1792"
1157,"1916","",0,"Payment of tribute to Caesar, The"
1158,"1917","",0,"Walking worthy of ye Lord unto all pleasing"
1159,"1918","",0,"Confirmation, On"
1160,"1919","",0,"Confirmation, On"
1161,"1920","",0,"For Adven"
1162,"1921","",0,"For Advent. The religion of the ancient & modern heathen"
1163,"1922","",0,"Advent, For"
1164,"1923","",0,"For Christmas"
1165,"1924","",0,"Fate of the Unrighteous"
1166,"1925","",0,"Prophecy concerning Shiloh, The"
1167,"1926","",0,"For the Epiphany"
1168,"1927 ","",0,"Remission of sin, & the consequence expected "
1169,"1928 ","",0,"Yoke of Christ easy, The "
1170,"1929 ","",0,"Marriage of Cana of Galilee, The "
1171,"1930 ","",0,"Care in hearing the Word"
1172,"1931 ","",0,"Seed by the Way-side, The "
1173,"1932 ","",0,"Seed on the Rock, The "
1174,"1933 ","",0,"Hast thou found honey "
1175,"1934 ","",0,"Seed among Thorns, The"
1176,"1935 ","",0,"Inimitable goodness & excellence of the Saviour, The "
1177,"1936 ","",0,"Seed in the good ground, The "
1178,"1937 ","",0,"Temptations offered to men "
1179,"1938 ","",0,"Working "
1180,"1939 ","",0,"Easter, For "
1181,"1940 ","",0,"History of the Resurrection of Jesus, The "
1182,"1941 ","",0,"History of the Resurrection, On the "
1183,"1942 ","",0,"God ought to be served rather than Baal "
1184,"1943 ","",0,"Tribulation of the world "
1185,"1944 ","",0,"Benefit of the Corporation, For the "
1186,"1945 ","",0,"Whitsunday, For "
1187,"1946 ","",0,"Duty of Xtians under afflictions "
1188,"1947 ","",0,"Parable of the lost Sheep & piece of Silver, The "
1189,"1948 ","",0,"Both faith and works necessary to Salvation; "
1190,"1949 ","",0,"Safety & happiness of following that which is good, The "
1191,"1950 ","",0,"Faith & means necessary to a successful seeking of God "
1192,"1951 ","",0,"Resignation "
1193,"1952 ","",0,"Godliness "
1194,"1953 ","",0,"Pharisee & the Publican, The "
1195,"1954 ","",0,"Men reject the Gospel, because their deeds are evil "
1196,"1955 ","",0,"Heavenly-mindedness, On "
1197,"1956 ","",0,"Sorrow & mourning become all"
1198,"1957 ","",0,"Spirit preventeth the works of the flesh, The "
1199,"1958 ","",0,"Backsliding "
1200,"1959 ","",0,"Christianity vindicated "
1201,"1960 ","",0,"Repentance "
1202,"1961 ","",0,"Loving of Enemies "
1203,"1962 ","",0,"Fast on account of the Philadelphia Epidemic "
1204,"1963 ","",0,"Frontier-mission, For the "
1205,"1965 ","",0,"Justification through Christ "
1206,"1964","",0,"Justice twixt Rulers & Citizens "
1207,"1966 ","",0,"Justice between Master & Servant "
1208,"1967 ","",0,"Blessedness described in the first psalm, The "
1209,"1968 ","",0,"Rejoicing in ye Lord "
1210,"1969 ","",0,"Simeon's Apostrophe "
1211,"1970 ","",0,"Christmas, For "
1212,"1971 ","",0,"Covering sin; its evils, &c, &c "
1213,"1972 ","",0,"New-Year, For the "
1214,"1973 ","",0,"Goodness of God "
1215,"1974 ","",0,"Promise of a prophet like unto Moses, The "
1216,"1975 ","",0,"Binding up of the broken-hearted "
1217,"1976 ","",0,"Government of our Passions & Affections, The "
1218,"1977 ","",0,"Christ a propitiation for the sins of the world "
1219,"1978 ","",0,"Government of the whole man, The "
1220,"1979 ","",0,"Rejoicing in hope "
1221,"1980 ","",0,"Remission of sins "
1222,"1981 ","",0,"Fund proposed in Canon 16th, For the "
1223,"1982 ","",0,"Mortification "
1224,"1983 ","",0,"Regeneration "
1225,"1984 ","",0,"Abstaining from all appearance of evil "
1226,"1985 ","",0,"Upright poor man & the perverse rich one "
1227,"1986 ","",0,"Easter, For "
1228,"1987 ","",0,"Christ's reanimated body not imaginary, but real "
1229,"1988 ","",0,"Life & immortality bro't to life by Xt "
1230,"1989 ","",0,"Marks of a true Xtian "
1231,"1990","",0,"Light for the Righteous"
1232,"1991 ","",0,"Peace dispensed by Xt to his disciples, The "
1233,"1992 ","",0,"Fruit of the Spirit, The "
1234,"1993 ","",0,"Contending for the faith "
1235,"1994 ","",0,"Parable of the two sons, The "
1236,"1995 ","",0,"Joshua's Resolution "
1237,"1996 ","",0,"Waiting patiently, till the change come "
1238,"1997 ","",0,"Encouragement to persevere in well-doing "
1239,"1998 ","",0,"Slothful man & his lion, The "
1240,"1999 ","",0,"Mary's better choice "
1241,"2000 ","",0,"First commandment, On the "
1242,"2001 ","",0,"Second Commandment, On the "
1243,"2002 ","",0,"Good name, A "
1244,"2003 ","",0,"End of Christ's giving himself for us "
1245,"2004 ","",0,"Seventh Commandment, On the "
1246,"2005 ","",0,"Eighth Commandment, On the "
1247,"2006 ","",0,"Ninth Commandment, On the "
1248,"2007 ","",0,"Tenth Commandment, On the "
1249,"2008 ","",0,"Justification by Christ's blood "
1250,"2009 ","",0,"Tenth Commandment, On the "
1251,"2010 ","",0,"Anger "
1252,"2011 ","",0,"All nations of the earth blessed in the Seed of Abraham "
1253,"2012 ","",0,"Good Samaritan, The "
1254,"2013 ","",0,"Advent. Haggai's prophecy "
1255,"2014 ","",0,"He, on whom the Lord will look "
1256,"2015 ","",0,"New Year, For the "
1257,"2016 ","",0,"Epiphany, For the "
1258,"2017 ","",0,"Concerning the law of Moses "
1259,"2018 ","",0,"Concerning the Law of Moses, No. 2."
1260,"2019 ","",0,"Sinners, their allurements to be guarded against "
1261,"2020 ","",0,"End of the perfect & upright man, The "
1262,"2021 ","",0,"Sinners, their allurements to be guarded against "
1263,"2022 ","",0,"Thanksgiving on Feb. 19, 1795, For the "
1264,"2023 ","",0,"Founded on the event of the Pool of Bethesda "
1265,"2024 ","",0,"Be not overmuch wicked "
1266,"2025 ","",0,"Hearing the word, On "
1267,"2026 ","",0,"Sorrow & heaviness of our Lord in Gethsemane, The "
1268,"2027 ","",0,"Easter, For "
1269,"2028 ","",0,"Abiding in Christ"
1270,"2029 ","",0,"Hacknied commendation of a good heart "
1271,"2030 ","",0,"Christian Salvation a deliverance from Sin "
1272,"2031 ","",0,"Obedience neither impossible, nor extremely difficult "
1273,"2032 ","",0,"Character of a profitable resolution to amend "
1274,"2033 ","",0,"Worldly wisdom spiritually improved "
1275,"2034 ","",0,"Whitsunday, For "
1276,"2035 ","",0,"Terms and Qualifications of successful prayers, The "
1277,"2036 ","",0,"Mixture of rich and poor "
1278,"2037 ","",0,"Ceasing to do evil "
1279,"2038 ","",0,"Agur's petition "
1280,"2039 ","",0,"Use and abuse of the World, The"
1281,"2040 ","",0,"Self-love "
1282,"2041 ","",0,"Sins of Infirmity "
1283,"2042 ","",0,"St. Paul's Discourse to Felix "
1284,"2043 ","",0,"Godliness profitable unto all things "
1285,"2044 ","",0,"Form with the power, The "
1286,"2045 ","",0,"Godly & worldly sorrow, with their effects "
1287,"2046 ","",0,"Judging One another "
1288,"2047 ","",0,"Resurrection of Lazarus, The "
1289,"2048 ","",0,"Corruption of Heart, On "
1290,"2049 ","",0,"Centurion's petition for his sick servant, The"
1291,"2050 ","",0,"Walking circumspectly "
1292,"2051","",0,"Daniel & the Den of Lions"
1293,"2052","",0,"Superiority of the Gospel over Natural Religion, The"
1294,"2053","",0,"Service of the Lord neither vain nor unprofitable, The"
1295,"2054","",0,"Love of Brethren"
1296,"2055","",0,"Love of God in redemption, The"
1297,"2056","",0,"Observance of the Seventh day, On the"
1298,"2057","",0,"Unity"
1299,"2058","",0,"No continuing city here"
1300,"2059","",0,"Not many wise men"
1301,"2060","",0,"New Year 1796, For the"
1302,"2061","",0,"Christmas Religion & Joy compatible, About"
1303,"2062","",0,"Christ the salvation of the end of the earth"
1304,"2063","",0,"Confession of sin, and its blessed Effects"
1305,"2064","",0,"Be not weary in well-doing"
1306,"2065","",0,"Asking for wisdom of God"
1307,"2066","",0,"Things in which we ought not, and that in which we may glory"
1308,"2067","",0,"Things, in which we ought not, and that, in which we may glory"
1309,"2068","",0,"Repentance"
1310,"2069","",0,"Bishop, For the"
1311,"2070","",0,"Living unto Him, who died &c &c."
1312,"2071","",0,"Looking unto Jesus"
1313,"2072","",0,"Departing from Iniquity"
1314,"2073","",0,"Joel & Micah reconciled"
1315,"2074","",0,"Revelation not untrue, because man was unworthy of it"
1316,"2075","",0,"Those, to whom there is no condemnation"
1317,"2076","",0,"Rich man & Lazarus, The"
1318,"2077","",0,"Rich man & Lazarus, The"
1319,"2078","",0,"Grace, On"
1320,"2079","",0,"Rich man & Lazarus, The"
1321,"2080","",0,"Parable of the rich man and Lazarus, The"
1322,"2081","",0,"Petition of the Mother of Zebedee's Children, From the"
1323,"2082","",0,"Goodness & mercy of God manifested to all"
1324,"2083","",0,"Mission of Moses & Aaron to Pharaoh, The"
1325,"2084","",0,"Character of Cornelius, The"
1326,"2085","",0,"Comforting & edifying one another"
1327,"2086","",0,"Humiliation & its happy consequences"
1328,"2087","",0,"Experience -- hope"
1329,"2088","",0,"Continuing patiently in well-doing"
1330,"2089","",0,"Against over-solicitous & inordinate concern for the World"
1331,"2090","",0,"Against over-solicitous & inordinate concern for this world"
1332,"2091","",0,"Ear & the eye -- proofs of the existence of a God, The"
1333,"2092","",0,"Displaying our light before men to the glory of God, On"
1334,"2093","",0,"Whole armour of God, The"
1335,"2094","",0,"Fruits meet for repentance"
1336,"2095","",0,"Insisting of the law and the prophets"
1337,"2096","",0,"Eternal life"
1338,"2097","",0,"Defective righteousness of the Scribes & Pharisees"
1339,"2098","",0,"Jesus Christ our Lord"
1340,"2099","",0,"Education, On"
1341,"2100","",0,"Epiphany, For the"
1342,"2101","",0,"Necessity of knowing & loving the divine law, The"
1343,"2102","",0,"Visionary schemes of happiness, On"
1344,"2103","",0,"St John, Epistle 1: 3 Chapter, 8 Verse, On"
1345,"2104","",0,"Self-communion recommended"
1346,"2105","",0,"Education, On"
1347,"2106","",0,"Easter, For"
1348,"2107","",0,"Abiding in Christ"
1349,"2108","",0,"Gospel preached to the dead, The"
1350,"2109","",0,"Whitsunday, For"
1351,"2110","",0,"Wickedness and destruction of the old world, On the"
1352,"2111","",0,"Grieving the Spirit"
1353,"2112","",0,"Grace of God, The"
1354,"2113","",0,"Manner of our Lord's introducing his prayer, The"
1355,"2114","",0,"Our Father, which art in Heaven"
1356,"2115","",0,"Hallowed be thy name"
1357,"2116","",0,"Religion, Of"
1358,"2117","",0,"Thy kingdom come"
1359,"2118","",0,"Thy will be done"
1360,"2119","",0,"Being of a God, On the"
1361,"2120","",0,"Give us this day our daily bread"
1362,"2121","",0,"Lead us not into temptation"
1363,"2122","",0,"Thine is the kingdom"
1364,"2123","",0,"Hope in God"
1365,"2124","",0,"Thanksgiving 1797, For the"
1366,"2125","",0,"Wickedness its own Punishment"
1367,"2126","",0,"Truth of Revelation, The"
1368,"2127","",0,"Christmas, For"
1369,"2128","",0,"Questions of John's Disciples, On the"
1370,"2129","",0,"Gospel the power of God, The"
1371,"2130","",0,"Character of St Paul, On the"
1372,"2131","",0,"Epiphany, For the"
1373,"2132","",0,"Moderation"
1374,"2133","",0,"God is a Spirit"
1375,"2134","",0,"Mixture of good & bad, The"
1376,"2135","",0,"Overcoming evil with good"
1377,"2136","",0,"Lent, For"
1378,"2137","",0,"Pure and Undefiled Religion"
1379,"2138","",0,"Uncertainty of life, & suddenness of death, The"
1380,"2139","",0,"Easter, For"
1381,"2140","",0,"Resurrection of the Body, On the"
1382,"2141","",0,"Confirmation"
1383,"2142","",0,"Fast (May 9, 1798), For the"
1384,"2143","",0,"Whitsunday, For"
1385,"2144","",0,"Against habitual Discontent"
1386,"2145","",0,"Propriety of a reverent and attentive deportment in ye house of God, The"
1387,"2146","",0,"Example of Nehemiah, The"
1388,"2147","",0,"Perseverance in Faith & Hope"
1389,"2148","",0,"Resting in, & waiting for the Lord"
1390,"2149","",0,"Affliction"
1391,"2150","",0,"Blind Bartimeus"
1392,"2151","",0,"Confessing of Christ before men, &c."
1393,"2152","",0,"Character & errand of Ministers"
1394,"2153","",0,"Boast not of tomorrow"
1395,"2154","",0,"Folly of making a mock at sin"
1396,"2155","",0,"Awaking from sleep &c."
1397,"2156","",0,"Case of the penitent thief, The"
1398,"2157","",0,"Faithful discharge of duty, On a"
1399,"2158","",0,"Rising generation exhorted"
1400,"2159","",0,"Faithful discharge of Duty, On a"
1401,"2160","",0,"New Year, For the"
1402,"2161","",0,"Epiphany, For the"
1403,"2162","",0,"Turning from sin to newness of life"
1404,"2163","",0,"Fruits ye criterion of character"
1405,"2164","",0,"Bishop, For the"
1406,"2165","",0,"Fruits of the Cross"
1407,"2166","",0,"Visitation of the third District, For the"
1408,"2167","",0,"Visitation-sermon"
1409,"2168","",0,"Funeral sermon"
1410,"2169","",0,"Gratitude"
1411,"2170","",0,"Adapted to the Sacrament"
1412,"2171","",0,"No earthly good to stand in the way of our eternal welfare"
1413,"2172","",0,"Good Friday, For"
1414,"2173","",0,"St. John Baptist, For"
1415,"2174","",0,"Anger without sinning, On"
1416,"2175","",0,"Candid expostulation with those, who trespass against us"
1417,"2176","",0,"Reasons for rejoicing in the Lord"
1418,"2177","",0,"Descent into Hell, The"
1419,"2178","",0,"Remorse of Conscience"
1420,"2179","",0,"Death of the Old Year, On the"
1421,"2180","",0,"Episcopal Charitable Institution, For the"
1422,"2181","",0,"St. Paul's Choice"
1423,"2182","",0,"Christianity a spring of spiritual joy"
1424,"2183","",0,"Sacred to the Memory of George Washington"
1425,"2184","",0,"Conscience void of offence, A"
1426,"2185","",0,"Excellency of the knowledge of Christ Jesus, The"
1427,"2186","",0,"Superior excellence of Christ's preaching, The"
1428,"2187","",0,"St Peter's Denial of his Master, On"
1429,"2188","",0,"Marks of Religious Sincerity"
1430,"2189","",0,"Afflictions, No. 1"
1431,"2190","",0,"Consideration of our ways"
1432,"2191","",0,"Occasioned by the third visitation of Baltimore by the Yellow Fever"
1433,"2192","",0,"St John; Ch. 8, V. 10, 11"
1434,"2193","",0,"Day of death better than the day of one's birth"
1435,"2194","",0,"Speaking truth"
1436,"2195","",0,"Wicked presume upon their Impunity"
1437,"2196","",0,"Afflictions, No. 2"
1438,"2197","",0,"Afflictions, No. 3"
1439,"2198","",0,"Friendship compatible with Christianity"
1440,"2199","",0,"Future state of existence & its consolations, On a"
1441,"2200","",0,"Spiritual or moral pride, On"
1442,"2201","",0,"Church Musick"
1443,"2202","",0,"Devotion, On"
1444,"2203","",0,"Wickedness of Christians no proof against Christianity, The"
1445,"2204","",0,"Living unto the Lord"
1446,"2205","",0,"Danger of consenting to smaller offences, The"
1447,"2206","",0,"Zeal not according to knowledge, Of"
1448,"2207","",0,"Wealth, On"
1449,"2208","",0,"Immortality, On"
1450,"3000","",0,"Funerals, On"
1451,"3001","",0,"God's Power Over Human Life, On"
1452,"3002","",0,"Funeral of a Young Girl, At the"
1453,"3003","",0,"Death as an Enemy, On"
1454,"3004","",0,"Everlasting Life, On"
1455,"3005","",0,"Boasting [Witnessing] in God, On"
1456,"3006","",0,"Offices of the Church, On"
1457,"3007","",0,"Baptism, On"
1458,"3008","",0,"Faith and Patience, On"
1459,"3009","",0,"Repentance (1), On"
1460,"3010","",0,"Repentance (2), On"
1461,"3011","",0,"Bible and Salvation (1), On the"
1462,"3012","",0,"Bible and Salvation (2), On the"
1463,"3013","",0,"Ascension, On the"
1464,"3014","",0,"Spiritual Warfare, On"
1465,"3015","",0,"Jesus, Light of the World, On"
1466,"3016","",0,"Doubting, On"
1467,"3017","",0,"Immaculate Conception, On the"
1468,"3018","",0,"Hell, On"
1469,"3019","",0,"God's Revelation of Himself, On"
1470,"3020","",0,"Lord's Supper, On the"
1471,"3021","",0,"Lord's Supper (2), On the"
1472,"3022","",0,"Obedience to God, On"
1473,"3023","",0,"Belief in God, On"
1474,"3024","",0,"Christian Unity (1), On"
1475,"3025","",0,"Christian Unity (2), On"
1476,"3026","",0,"Heavenly Conversation, On"
1477,"3027","",0,"Days of Darkness, On"
1478,"3028","",0,"Fear of the Lord, On"
1479,"3029","",0,"Counsels of the Heart, On"
1480,"3030","",0,"Love, On"
1481,"3031","",0,"St. Paul before Felix, On"
1482,"3032","",0,"Scoffers, On"
1483,"3033","",0,"Heaven (1), On"
1484,"3034","",0,"Heaven (2), On"
1485,"3035","",0,"Heaven (3), On"
1486,"3036","",0,"Heaven (4), On"
1487,"3037","",0,"Parents and Children, On"
1488,"3038","",0,"Miracles, On"
1489,"3039","",0,"Christian Conduct (1), On"
1490,"3040","",0,"Christian Conduct (2), On"
1491,"3041","",0,"Reputation, On"
1492,"3042","",0,"Easter, On"
1493,"3043","",0,"Betrayal of Christ, On"
1494,"3044","",0,"Dispute with Papists (1), On the"
1495,"3045","",0,"Dispute with Papists (2), On the"
1496,"3046","",0,"Dispute with Papists (3), On the"
1497,"3047","",0,"Dispute with Papists (4), On the"
1498,"3048","",0,"Sin's Burdens and Christ's Yoke, On"
1499,"3049","",0,"Proving and Holding to Truth, On"
1500,"3050","",0,"Vine and Its Branches, On the"
1501,"3051","",0,"Temptation and Wisdom, On"
1502,"3052","",0,"Sermon for Christmas"
1503,"3053","",0,"Sermon for Easter"
1504,"3054","",0,"Sermon for Christmas"
1505,"3055","",0,"Baalam's [sic] Wish"
1506,"3056","",0,"Balaam's Wish"
1507,"3057","",0,"Rejoicing, On"
1508,"3058","",0,"Funeral Sermon on Proverbs 23:25"
1509,"3059","",0,"Funeral Sermon on Col. 3:3-4."
1510,"3060","",0,"Funeral Sermon for J. Wells"
1511,"3061","",0,"Funeral Sermon on Job 14:2"
1512,"3062","",0,"Almost Persuaded, The"
1513,"3063","",0,"Merry Sermon, The"
1514,"3064","",0,"State of Protestantism, On"
1515,"3065","",0,"Worship, On"
1516,"3066","",0,"Presumptuous Sins, On"
1517,"3067","",0,"Second Coming(1), On the"
1518,"3068","",0,"Second Coming(2), On the"
1519,"3069","",0,"Second Coming(3), On the"
1520,"3070","",0,"God's Forbearance and Judgment"
1521,"3071","",0,"Wisdom's Happiness and Sin's Misery"
1522,"3072","",0,"Resurrection of the Dead, On the"
1523,"3073","",0,"Life and Doctrine of Christ, The"
1524,"3074","",0,"Historical Account of Our Saviour, The"
1525,"3075","",0,"Divine Assistance and Revelation, Concerning"
1526,"3076","",0,"Christmas in what Manner to be Kept"
1527,"3077","",0,"God's Design"
1528,"3078","",0,"Evil of Punishment, On the"
1529,"3079","",0,"Eucharist as Thanksgiving(1), On the"
1530,"3080","",0,"Eucharist as Thanksgiving(2), On the"
1531,"3081","",0,"Eucharist, On the"
1532,"3082","",0,"Anger, On"
1533,"3083","",0,"Hunger and Thirst for Righteousness, On the"
1534,"3084","",0,"Peace from Loving God's Law, On"
1535,"3085","",0,"James 1:22, On"
1536,"3086","",0,"Acts 2: 40, On"
1537,"3087","",0,"Psalm 100: 2, On"
1538,"3088","",0,"Psalm 119: 165, On"
1539,"3089","",0,"Colossians 3:2, On"
1540,"3090","",0,"Psalm 144:3, On"
1541,"3091","",0,"Poor, On the"
1542,"3092","",0,"Christian Conduct (3), On"
1543,"3093","",0,"Sermon Preached in Annapolis"
1544,"3094","",0,"Patriotism, On"
1545,"3096","",0,"Education, On"
1546,"3097","",0,"Fraud, On"
1547,"3098","",0,"Joy, On"
1548,"3099","",0,"Wealth, On"
1549,"3100","",0,"Commandment to Love, On"
1550,"3101","",0,"Asking in Jesus' Name, On"
1551,"3102","",0,"Proverbs 30: 8-9, On"
1552,"3103","",0,"Joel 1: 14-15, On"
1553,"3104","",0,"Revelation, On"
1554,"3105","",0,"Keys of Hell and Death, On"
1555,"3106","",0,"Parable of the Steward, On"
1556,"3107","",0,"Trusting in the Lord, On"
1557,"3108","",0,"Proverbs 3:7, On"
1558,"3109","",0,"Psalm 119: 97, On"
1559,"3110","",0,"Christ's Preaching to Spirits, On"
1560,"3111","",0,"Delight in the Lord, On"
1561,"3112","",0,"Ascension, On the"
1562,"3113","",0,"Purifying One's Soul, On"
1563,"3114","",0,"Salvation for the Righteous and Sinful, On the"
1564,"3115","",0,"Loving Not the World, On"
1565,"3116","",0,"Blessed are the Poor in Spirit, On"
1566,"3117","",0,"Serving Two Masters, On"
1567,"3118","",0,"Faith in God, On"
1568,"3119","",0,"Walking Circumspectly in Evil Days, On"
1569,"3120","",0,"Parable of Lazarus, On the"
1570,"3121","",0,"Honor, On"
1571,"3122","",0,"Last Judgment, On Works Revealed at"
1572,"3123","",0,"Good Life, The Necessity of"
1573,"3124","",0,"Works of Christ, On the"
1574,"3125","",0,"Imitating Christ's Life, On"
1575,"3126","",0,"Pleasing Men and God, On"
1576,"3126a","",0,"Pleasing Man and God, 2, On"
1577,"3127","",0,"Death Cannot Praise God"
1578,"3128","",0,"Blessed are the Meek, On"
1579,"3129","",0,"Wilkinson, John, sermons"
1580,"3130","",0,"God's Reveleation, Sermon on"
1581,"3131","",0,"Love of Christ, On"
1582,"3132","",0,"Promise of God, On the"
1583,"3133","",0,"Peace to the Wicked, On No"
1584,"3134","",0,"Acts 10:38, On"
1585,"3135","",0,"Exodus 33: 18-19, On"
1586,"3136","",0,"Anger, On"
1587,"3137","",0,"Friends, On"
1588,"3138","",0,"Job 29: 11-13, On"
1589,"2999","",0,"Sermons of Thomas Cradock"
1590,"3139","",0,"Psalm 119, On"
1591,"3140","",0,"Corinthians 11: 29, On 1"
1592,"4001","",0,"Set your affections on things above."
1593,"4002","",0,"Coming to Judgment"
1594,"4003","",0,"Natural State of Man"
1595,"4004","",0,"Awakening Sleepers to the Light of Christ"
1596,"4005","",0,"Disease of Sin"
1597,"4006","",0,"Worthiness of Heavenly Glory"
1598,"4007","",0,"Complaint of Sufferer"
1599,"4008","",0,"Religious Instruction, On"
1600,"4009","",0,"Rule of Divine Providence"
1601,"4010","",0,"Baptism, On"
1602,"4011","",0,"Humility, On"
1603,"4012","",0,"Living Fully in Faith"
1604,"4013","",0,"Repentance and Faith, On"
1605,"4014","",0,"Baptism, On"
1606,"4015","",0,"Commandments of God, The"
1607,"4016","",0,"Submitting to the Will of God, On"
1608,"4017","",0,"Fruits of the Spirit, The"
1609,"4018","",0,"Happiness of God, On the"
1610,"4019","",0,"Good Friday, For"
1611,"4020","",0,"Justification through Christ"
1612,"4021","",0,"Catechismum de Domini Cana, In"
1613,"4022","",0,"Living Fully in Faith through Christ"
1614,"4023","",0,"Reasonableness of Serving God, The"
1615,"4024","",0,"Worldliness, On"
1616,"4025","",0,"Youth Reminded of A Judgment to Come"
1617,"4026","",0,"Doctrine of the Church, The"
1618,"4027","",0,"Sin and the Follies of Youth"
1619,"4028","",0,"Divine Wrath and Mercy, On"
1620,"4029","",0,"Christ's Love for the Church"
1621,"4030","",0,"Beware a Death Unprepared"
1622,"4031","",0,"Christian Parent, The"
1623,"4032","",0,"Funeral Sermon for Benjamin Howard, Esq."
1624,"4033","",0,"Remember Thy Creator"
1625,"4034","",0,"Being Ready for the Son of Man"
1626,"4035","",0,"Christmas Day, For"
1627,"4036","",0,"Description of Judgment Day"
1628,"4037","",0,"Christian Covenant, The"
1629,"4038","",0,"Self-examination, On"
1630,"4039","",0,"[Prayer and Justification, On]"
1631,"4041","",0,"Christ as Mediator"
1632,"4042","",0,"Holiness, On"
1633,"4043","",0,"New Creatures in Christ"
1634,"4044","",0,"Nature of Sin, On"
1635,"4045","",0,"Lord's Prayer, On"
1636,"4046","",0,"Living the Christian Religion"
1637,"4047","",0,"De Domini Cana.--un [sic. unum?] Deum"
1638,"4048","",0,"Funeral Sermon"
1639,"4049","",0,"Justice of God, On the"
1640,"4050","",0,"Nature and necessity of holy Resolution, The"
1641,"4051","",0,"Nature and necessity of holy Resolution, The"
1642,"4055","",0,"Account Book, Charles Clay, 1773-1818"
1643,"4061","",0,"Justification through Christ"
1644,"4062","",0,"Unfit for Heaven"
1645,"4063","",0,"Afflictions a Blessing from God"
1646,"4064","",0,"Renewing your Mind"
1647,"4065","",0,"Journal of my Mission to Virginia, A"
1648,"4066","",0,"Theological Responses"
1649,"4067","",0,"Avarice, On"
1650,"4068","",0,"Three(?) Addresses to the Continental Army"
