kpid,"acc","shorttitle"
1,"2028 ","Abiding in Christ"
2,"2107","Abiding in Christ"
3,"1984 ","Abstaining from all appearance of evil "
4,"1777","Abuses of speech, On the"
5,"262","Accessory to others sins, On being"
6,"1658","Action sermon from 1 Corr 1st Ch & 9 vs"
7,"1659","Action sermon from Isai 53 ch & 10 vs"
8,"1660","Action sermon from Zech 6 ch 13 vs"
9,"3134","Acts 10:38, On"
10,"3086","Acts 2: 40, On"
11,"2170","Adapted to the Sacrament"
12,"922","Address from the Clergy of New-York and New-Jersey to the Episcopalians in Virginia, An"
13,"1713","Address on a day of fasting"
14,"413","Advantages of doing penance, On the"
15,"1771","Advantages of simplicity & godly sincerity On the"
16,"1810","Advent, For"
17,"1922","Advent, For"
18,"59","Advent, On"
19,"70","Advent, On"
20,"378","Advent, On"
21,"235c","Advent, On"
22,"2013 ","Advent. Haggai's prophecy "
23,"2149","Affliction"
24,"881","Affliction and Salvation"
25,"183","affliction, On"
26,"4063","Afflictions a Blessing from God"
27,"2189","Afflictions, No. 1"
28,"2196","Afflictions, No. 2"
29,"2197","Afflictions, No. 3"
30,"105","Afflictions, On"
31,"451","Afflictions, On"
32,"934kk","Against evil speaking"
33,"2144","Against habitual Discontent"
34,"754","Against Idleness"
35,"1909","Against Love of ye World"
36,"2089","Against over-solicitous & inordinate concern for the World"
37,"2090","Against over-solicitous & inordinate concern for this world"
38,"934mm","Against the fear of death"
39,"1744","Against the immoderate Pursuit of Pleasure"
40,"2038 ","Agur's petition "
41,"656","All is Vanity & Vexation of Spirit"
42,"2011 ","All nations of the earth blessed in the Seed of Abraham "
43,"235j","All Saints"
44,"452","All Saints, For"
45,"83","All Saints, On the feast of"
46,"439","All Souls"
47,"47","All Souls' Day, On"
48,"3062","Almost Persuaded, The"
49,"1779","Amazing bounty of God to man, On the"
50,"108","Ambition, On"
51,"1704","And I will pray the Father"
52,"934pp","Anent afflictions"
53,"934o","Angels, Of"
54,"2010 ","Anger "
55,"2174","Anger without sinning, On"
56,"934c","Anger, Of"
57,"3082","Anger, On"
58,"3136","Anger, On"
59,"45","Annunciation, On the"
60,"72","Apostles' Creed, On the"
61,"143","Appeal for School Funds, An"
62,"875","Appearance of an approaching Rupture with France, On the"
63,"1648","Archibald Simpson Manuscript Sermons"
64,"1832","Argument from Miracles, The"
65,"1831","Argument from prophecy, The"
66,"1835","Argument from the excellent effects of Xtianity, The"
67,"1834","Argument from the excellent nature of Christianity, The"
68,"1833","Argument from the Life & Character of Jesus, The"
69,"986","Arise ye and Depart"
70,"1703","As the Lord liveth, the man that hath done this thing shall surely die"
71,"334","Ascension of our Lord, The"
72,"1892","Ascension, For the"
73,"80","Ascension, On the"
74,"189","Ascension, On the"
75,"194","Ascension, On the"
76,"222","Ascension, On the"
77,"232","Ascension, On the"
78,"233","Ascension, On the"
79,"315","Ascension, On the"
80,"326","Ascension, On the"
81,"424","Ascension, On the"
82,"1842","Ascension, On the"
83,"3013","Ascension, On the"
84,"3112","Ascension, On the"
85,"383","Ascensionis, In festo"
86,"338","Ash Wednesday"
87,"314","Ash Wednesday, On"
88,"1726","Ask now the beast, & they shall teach thee"
89,"2065","Asking for wisdom of God"
90,"3101","Asking in Jesus' Name, On"
91,"415","Associating with sinners, On"
92,"138","Assumption of Mary, On the"
93,"46","Assumption of our Lady, On ye"
94,"74","Assumption, On the"
95,"82","Assumption, On the"
96,"197","Assumption, On the"
97,"249","Assumption, On the"
98,"416","Assumption, On the"
99,"1899","Atonement of Christ, The"
100,"4067","Avarice, On"
101,"103","Avoidance of sin, On the"
102,"4004","Awakening Sleepers to the Light of Christ"
103,"2155","Awaking from sleep &c."
104,"3055","Baalam's [sic] Wish"
105,"1958 ","Backsliding "
106,"3056","Balaam's Wish"
107,"1791","Baptism, On"
108,"1804","Baptism, On"
109,"3007","Baptism, On"
110,"4010","Baptism, On"
111,"4014","Baptism, On"
112,"900","Be not conformed to this world"
113,"2024 ","Be not overmuch wicked "
114,"2064","Be not weary in well-doing"
115,"1693","Be ye doers of the word"
116,"868","Be Ye Perfect"
117,"937","Become as little children"
118,"1887","Before or after Easter. Nature, ends & effects of the Death of Christ;"
119,"1709","Behold, my Servant shall deal prudently"
120,"1668","Behold, the fear of the Lord, th[at] is Wisdom"
121,"1695","Being of a God, On the"
122,"2119","Being of a God, On the"
123,"4034","Being Ready for the Son of Man"
124,"642","Belief in Christ"
125,"3023","Belief in God, On"
126,"1944 ","Benefit of the Corporation, For the "
127,"1891","Best Christians unprofitable servants, The"
128,"3043","Betrayal of Christ, On"
129,"1716","Betrayest thou the Son o[f] man with a Kiss?"
130,"4030","Beware a Death Unprepared"
131,"3011","Bible and Salvation (1), On the"
132,"3012","Bible and Salvation (2), On the"
133,"1975 ","Binding up of the broken-hearted "
134,"2069","Bishop, For the"
135,"2164","Bishop, For the"
136,"934z","Blameless living, Of"
137,"984","Blasphemy against the Holy Ghost"
138,"1894","Blasphemy against the Holy Ghost"
139,"3128","Blessed are the Meek, On"
140,"3116","Blessed are the Poor in Spirit, On"
141,"1721","Blessed be the God & Father of our Lord Jesus Xt"
142,"472","Blessed is the Man that Trusteth in the Lord"
143,"1967 ","Blessedness described in the first psalm, The "
144,"2150","Blind Bartimeus"
145,"1006","Blood and Body of Christ, The"
146,"2153","Boast not of tomorrow"
147,"3005","Boasting [Witnessing] in God, On"
148,"892","Bordley Funeral Sermon"
149,"1948 ","Both faith and works necessary to Salvation; "
150,"934oo","Burdens of sin, Of the"
151,"1020","Burial of Xt, On the"
152,"669","But thou, when thou prayest, enter into thy Closet"
153,"670","But thou, when thou prayest, enter into thy Closet"
154,"1026","By the Obedience of One shall many be made Righteous"
155,"1670","Can the Ethiopian change his skin, or the Leopard his spots?"
156,"2175","Candid expostulation with those, who trespass against us"
157,"1930 ","Care in hearing the Word. "
158,"276","Care of salvation, On the"
159,"2156","Case of the penitent thief, The"
160,"4021","Catechismum de Domini Cana, In"
161,"969","Cause of Children Advocated, The"
162,"970","Cause of young children advocated, The"
163,"1750","Caution against falling from Grace"
164,"2037 ","Ceasing to do evil "
165,"229","Celestial Glory, On"
166,"2049 ","Centurion's petition for his sick servant, The"
167,"976","Certainty of Death, On the"
168,"1030","Certainty of Death, On the"
169,"1774","Certainty of future happiness, On the"
170,"2152","Character & errand of Ministers"
171,"2032 ","Character of a profitable resolution to amend "
172,"2084","Character of Cornelius, The"
173,"978","Character of Judas, On the"
174,"2130","Character of St Paul, On the"
175,"991c","Charge to the Newly Ordained, A"
176,"114","Charity of Baltimore, The"
177,"298","Charity to one's enemies, On"
178,"1880","Charity, --as defined by St Paul"
179,"348","Charity, On"
180,"349","Charity, On"
181,"406","Charity, On"
182,"163","Charity: John the Apostle"
183,"167","Charity: Mark, VIII, 2"
184,"145","Charity: The Neighbor"
185,"897","Children of Light instructed how to walk, The"
186,"680","Children, obey your Parents in the Lord"
187,"1977 ","Christ a propitiation for the sins of the world "
188,"4041","Christ as Mediator"
189,"809","Christ hath redeemed us from the curse of the law"
190,"1022","Christ Jesus our Lord"
191,"830","Christ our deliverer and salvation"
192,"934jj","Christ our head"
193,"934uu","Christ tempted"
194,"832","Christ the light of the World, On"
195,"2062","Christ the salvation of the end of the earth"
196,"934w","Christ's Crucifixion, Of"
197,"1742","Christ's Invitation to penitent Sinners"
198,"4029","Christ's Love for the Church"
199,"934gg","Christ's Passion, Of"
200,"3110","Christ's Preaching to Spirits, On"
201,"934cc","Christ's propitiation, Of"
202,"1987 ","Christ's reanimated body not imaginary, but real "
203,"934j","Christ's Resurrection, Of"
204,"330","Christian Charity"
205,"3039","Christian Conduct (1), On"
206,"3040","Christian Conduct (2), On"
207,"3092","Christian Conduct (3), On"
208,"4037","Christian Covenant, The"
209,"4031","Christian Parent, The"
210,"934r","Christian race, Of the"
211,"1878","Christian Race, The"
212,"867","Christian Religion, On the"
213,"1903","Christian Sacrifice, The"
214,"1907","Christian Salvation"
215,"2030 ","Christian Salvation a deliverance from Sin "
216,"3024","Christian Unity (1), On"
217,"3025","Christian Unity (2), On"
218,"2182","Christianity a spring of spiritual joy"
219,"1959 ","Christianity vindicated "
220,"756","Christmas"
221,"757","Christmas"
222,"4035","Christmas Day, For"
223,"3076","Christmas in what Manner to be Kept"
224,"2061","Christmas Religion & Joy compatible, About"
225,"755","Christmas [Two Sermons by John Coleman]"
226,"1793","Christmas, For"
227,"1970 ","Christmas, For "
228,"2127","Christmas, For"
229,"2201","Church Musick"
230,"437","Circumcision, On the"
231,"464","Circumcision, On the"
232,"235m","Circumcision, On the"
233,"945","City that is on an Hill cannot be hid, A"
234,"3089","Colossians 3:2, On"
235,"1012","Come unto me all ye that labour"
236,"2085","Comforting & edifying one another"
237,"295","Coming of the Holy Ghost, On the"
238,"4002","Coming to Judgment"
239,"3100","Commandment to Love, On"
240,"278","Commandment, On the 3rd."
241,"4015","Commandments of God, The"
242,"135","Commemoration of American Independence"
243,"209","Communion, On"
244,"224","Communion, On"
245,"236","Communion, On"
246,"260","Communion, On"
247,"405","Communion, On"
248,"410","Communion, On"
249,"235i","Communion, On"
250,"4007","Complaint of Sufferer"
251,"110","Completion of a church, On"
252,"2017 ","Concerning the law of Moses "
253,"2018 ","Concerning the Law of Moses, No. 2."
254,"354","Condemning one's neighbor, On"
255,"2151","Confessing of Christ before men, &c."
256,"2063","Confession of sin, and its blessed Effects"
257,"2141","Confirmation"
258,"117","Confirmation of faith, On the"
259,"1918","Confirmation, On"
260,"1919","Confirmation, On"
261,"132","Confirmation: II Corinthians I, 21"
262,"154","Confirmation: John, V"
263,"140","Confirmation: Jude, V, 20"
264,"50","Conforming our will to God, On"
265,"1864","Conformity to the World, Against"
266,"109","Congregational discord, On"
267,"2184","Conscience void of offence, A"
268,"1829","Conscience, On"
269,"2190","Consideration of our ways"
270,"477","Contemplation of Christ, The"
271,"107","Contempt of the world, On the"
272,"1993 ","Contending for the faith "
273,"1780","Contentment, On"
274,"2088","Continuing patiently in well-doing"
275,"344","Contrition, On"
276,"749","Convention Sermon"
277,"3140","Corinthians 11: 29, On 1"
278,"1643","Corr 1, 21, 1[First]"
279,"842","Corrupt Clergy, A"
280,"2048 ","Corruption of Heart, On "
281,"1870","Counsel of God & Future Glory"
282,"3029","Counsels of the Heart, On"
283,"1971 ","Covering sin; its evils, &c, &c "
284,"951","Creation"
285,"273","Creed, On the "
286,"385","Creed, On the"
287,"263","Creed, On the 10th Article of the "
288,"272","Creed, On the second article of the;"
289,"952","Crime and Curse of Plundering, The"
290,"885","Cross, On the"
291,"433","Crowning with thorns, On the"
292,"1910","Crucifixion of The Flesh"
293,"999","Cup of Blessing, The"
294,"748","Daemoniac, The"
295,"2205","Danger of consenting to smaller offences, The"
296,"1798","Danger of ill advice, On the"
297,"242","Danger of impenitence, On the"
298,"657","Danger of Mocking Religion, The"
299,"250","Danger of relapsing into former Sins, On ye"
300,"1821","Danger of riches, The"
301,"235f","Dangerous to live in sin"
302,"2051","Daniel & the Den of Lions"
303,"2193","Day of death better than the day of one's birth"
304,"235l","Day of judgment, On the"
305,"3027","Days of Darkness, On"
306,"4047","De Domini Cana.--un [sic. unum?] Deum."
307,"3003","Death as an Enemy, On"
308,"3127","Death Cannot Praise God"
309,"721","Death of Edward Lloyd, On the"
310,"231","Death of the Just, On the"
311,"2179","Death of the Old Year, On the"
312,"38","Death, On"
313,"39","Death, On"
314,"89","Death, On"
315,"91","Death, On"
316,"235d","Death, On"
317,"902","Death, On"
318,"95","Death, On preparation for"
319,"151","Death: Fragments"
320,"469","Decay of Christianity, The"
321,"118","Decree on the death of Pius VI"
322,"63","Dedication of a chapel to the Virgin Mary, On the"
323,"476","Dedication to God"
324,"2097","Defective righteousness of the Scribes & Pharisees"
325,"291","Delaying to repent, On"
326,"3111","Delight in the Lord, On"
327,"1908","Delighting in God"
328,"934qq","Deliverance from sea dangers"
329,"1700","Deliverance from sin, the End of Christ's coming"
330,"195","Delusions of the world, On the"
331,"641","Denial of the Existence of God, The"
332,"2072","Departing from Iniquity"
333,"2177","Descent into Hell, The"
334,"4036","Description of Judgment Day"
335,"1822","Desire of righteousness, Of the"
336,"218","Detraction, On"
337,"1034","Detraction, On"
338,"81","Devotion to Saints and their relics, On"
339,"185","Devotion to the blessed virgin, On the"
340,"2202","Devotion, On"
341,"255","Difficulty of Salvation, On the"
342,"959","Discourse on Regulators in 1768"
343,"981","Discourse on the Analogy between Christ crucified, & the brazen Serpent, A"
344,"988","Discourses Delivered in Charleston"
345,"4005","Disease of Sin"
346,"2092","Displaying our light before men to the glory of God, On"
347,"258","Dispositions for confession"
348,"235p","Dispositions necessary to receive profitably the Sacrament of penance, Of the"
349,"3044","Dispute with Papists (1), On the"
350,"3045","Dispute with Papists (2), On the"
351,"3046","Dispute with Papists (3), On the"
352,"3047","Dispute with Papists (4), On the"
353,"1752","Distinction between Doers & mere Hearers of the word"
354,"3075","Divine Assistance and Revelation, Concerning"
355,"43","Divine goodness, On"
356,"946","Divine Government the Joy of our World, The"
357,"1754","Divine Inspiration of the Scriptures, On the"
358,"1755","Divine Inspiration of the Scriptures, On the"
359,"1847","Divine Providence, Of a "
360,"4028","Divine Wrath and Mercy, On"
361,"633","Divinity of Christ & the Truth of His Revelation, The"
362,"4026","Doctrine of the Church, The"
363,"639","Doctrine of the Triune God, The"
364,"737","Doctrine, Morals, and Blasphemy, On"
365,"308","Doing honor to priests, On"
366,"3016","Doubting, On"
367,"834","Draw nigh to God"
368,"1778","Duties of a Xtian Minister, The"
369,"160","Duties of Parents: Ephesians, VI, 4"
370,"1004","Duties Regarding the Sacrament of the Lord's Supper"
371,"1005","Duties Regarding the Sacrament of the Lord's Supper"
372,"1008","Duty in the Receiving of the Lord's Supper"
373,"980","Duty of Man to his Creator, On the"
374,"649","Duty of Parents to Educate their Children, The"
375,"1839","Duty of parents to their children, On the"
376,"1746","Duty of Praise, On the"
377,"1767","Duty of Submission to God, The"
378,"1946 ","Duty of Xtians under afflictions "
379,"44","Duty to God, On"
380,"192","Duty towards children, On"
381,"1837","Dying unto sin, and living unto righteousness"
382,"2091","Ear & the eye -- proofs of the existence of a God, The"
383,"1792","Early piety, On"
384,"644","Earth a Place of Troubles, The"
385,"1808","Earthly happiness, On"
386,"872","Ease, Of"
387,"934rr","Easiness of Christ's yoke, The"
388,"144","Easter Duty"
389,"234","Easter duty, On"
390,"235","Easter duty, On"
391,"313","Easter duty, On"
392,"396","Easter duty, On"
393,"429","Easter duty, On"
394,"871","Easter Sermon"
395,"328","Easter Sunday, On"
396,"1799","Easter, For"
397,"1817","Easter, For"
398,"1889","Easter, For"
399,"1939 ","Easter, For "
400,"1986 ","Easter, For "
401,"2027 ","Easter, For "
402,"2106","Easter, For"
403,"2139","Easter, For"
404,"375","Easter, On"
405,"3042","Easter, On"
406,"839","Education, On"
407,"2099","Education, On"
408,"2105","Education, On"
409,"3096","Education, On"
410,"235g","Effects of Sin, Ye"
411,"384","Eight Beatitudes, On ye"
412,"282","Eighth Article of the Creed, On the"
413,"2005 ","Eighth Commandment, On the "
414,"279","Eleventh and twelfth articles of the Creed, On the"
415,"1997 ","Encouragement to persevere in well-doing "
416,"659","End and the Means, The"
417,"2003 ","End of Christ's giving himself for us "
418,"2020 ","End of the perfect & upright man, The "
419,"1776","Envy, On"
420,"459","Ephiphany"
421,"1868","Epiphany, For the"
422,"2016 ","Epiphany, For the "
423,"2100","Epiphany, For the"
424,"2131","Epiphany, For the"
425,"2161","Epiphany, For the"
426,"93","Epiphany, On the"
427,"259","Epiphany, On the"
428,"290","Epiphany, On ye"
429,"2180","Episcopal Charitable Institution, For the"
430,"100","Establishment of the Xn Church, On the"
431,"2096","Eternal life"
432,"275","Eternity"
433,"1759","Eternity of God, On the"
434,"208","Eternity, On"
435,"213","Eternity, On"
436,"372","Eternity, On"
437,"3079","Eucharist as Thanksgiving(1), On the"
438,"3080","Eucharist as Thanksgiving(2), On the"
439,"3081","Eucharist, On the"
440,"158","Eucharist: Frequentation"
441,"162","Eucharist: The Great Supper"
442,"127","Eucharist: The Old Law and the New"
443,"666","Evening Prayer, On"
444,"3004","Everlasting Life, On"
445,"1690","Every man shall receive his own reward, according to his own labour"
446,"936","Every one that loveth is born of God"
447,"3078","Evil of Punishment, On the"
448,"41","Evil, On"
449,"2146","Example of Nehemiah, The"
450,"934tt","Examples to Christians"
451,"1756","Excellence of the Holy Scriptures, On the"
452,"2185","Excellency of the knowledge of Christ Jesus, The"
453,"979","Except a man be born again He cannot see the Kingdom of God"
454,"925","Except ye repent, ye shall all in like manner perish"
455,"112","Excommunication of John Causse, On the"
456,"238","Exhortation to fraternal Charity, An"
457,"3135","Exodus 33: 18-19, On"
458,"2087","Experience -- hope"
459,"1637","Ezek 33, 33 Sermon 2d"
460,"131","Faith"
461,"274","Faith"
462,"277","Faith"
463,"302","Faith & Good Works, Upon"
464,"1950 ","Faith & means necessary to a successful seeking of God "
465,"3008","Faith and Patience, On"
466,"3118","Faith in God, On"
467,"1707","Faith the Gift of God. 1786"
468,"794","Faith, Hope, and Charity"
469,"210","Faith, On"
470,"248","Faith, On"
471,"341","Faith, On"
472,"1737","Faith, On"
473,"2157","Faithful discharge of duty, On a"
474,"2159","Faithful discharge of Duty, On a"
475,"1823","Fallacy of certain specious doctrines detected, The"
476,"129","False Prophets"
477,"142","False Prophets"
478,"56","False prophets, On"
479,"923","Farewell Sermon"
480,"2142","Fast (May 9, 1798), For the"
481,"681","fast appointed by public authority, for a"
482,"1962 ","Fast on account of the Philadelphia Epidemic "
483,"468","Fast Sermon Preached in 1756 on I Kings 21:29, A"
484,"934ff","Fast Sermon, A"
485,"85","Fasting, On"
486,"201","Fasting, On"
487,"320","Fasting, On"
488,"350","Fasting, On"
489,"373","Fasting, On"
490,"1924","Fate of the Unrighteous"
491,"1761","Fear of God, On the"
492,"738","Fear of the Lord, On"
493,"3028","Fear of the Lord, On"
494,"13 ","Fear, & service of god, The "
495,"204","Feast of All Saints, On the"
496,"419","Feast of All Saints, On the"
497,"425","Feast of All Saints, On the"
498,"55","Feast of all Saints, The"
499,"96","Feast of Corpus Christi, On the"
500,"181","Feast of Corpus Christi, On the"
501,"205","Feast of Corpus Christi, On the"
502,"237","Feast of Corpus Christi, On the"
503,"303","Feast of Corpus Christi, On the"
504,"450","Feast of Lent, On the"
505,"75","Feast of St. Ignatius, On the"
506,"101","Feast of St. Ignatius, On the"
507,"463","Feast of the name of Jesus, On the"
508,"61","Feast of the Sacred Heart, On the"
509,"803","Fervent in Spirit"
510,"402","Festa Sancti P. Ignatii, In"
511,"268","First Commandment, On the"
512,"428","First Commandment, On the"
513,"2000 ","First commandment, On the "
514,"882","Five Sermons by George Goundril"
515,"823","Five Sermons by John Coleman"
516,"2154","Folly of making a mock at sin"
517,"836 ","Fools make a Mock at Sin"
518,"1920","For Advent."
519,"1921","For Advent. The religion of the ancient & modern heathen."
520,"1923","For Christmas"
521,"1677","For of such is the Kingdom of Heaven"
522,"1926","For the Epiphany"
523,"1915","For the Thanksgiving-day, 1792"
524,"662","Force of Truth, The"
525,"1691","Forgetting those things which are behind"
526,"2044 ","Form with the power, The "
527,"4","Fornication and Uncleanness, On"
528,"934g","Fortitude & resolution, of"
529,"2023 ","Founded on the event of the Pool of Bethesda "
530,"865","Four Sermons [by Hatch Dent]"
531,"934","Fourtie eight sermons preached by Mr. Robert Paxton"
532,"3097","Fraud, On"
533,"1802","Free Schools, For the"
534,"1841","Free Schools, For the"
535,"745","Free Will, On"
536,"178","Frequent communion <i>after easter</i>, On"
537,"420","Frequent communion, On"
538,"3137","Friends, On"
539,"2198","Friendship compatible with Christianity"
540,"1913","Friendship of the World, The"
541,"1884","From John XII, 13, No. 1"
542,"1963 ","Frontier-mission, For the "
543,"797","Fruit of the Spirit, The"
544,"1992 ","Fruit of the Spirit, The "
545,"2094","Fruits meet for repentance"
546,"2165","Fruits of the Cross"
547,"1673","Fruits of the Spirit, The"
548,"4017","Fruits of the Spirit, The"
549,"1820","Fruits required from men are proportioned to their advantages."
550,"2163","Fruits ye criterion of character"
551,"1723","Fulness of Time, The"
552,"1981 ","Fund proposed in Canon 16th, For the "
553,"3002","Funeral of a Young Girl, At the"
554,"720","Funeral of Anne Lloyd, On the"
555,"2168","Funeral sermon"
556,"4048","Funeral Sermon"
557,"4032","Funeral Sermon for Benjamin Howard, Esq."
558,"3060","Funeral Sermon for J. Wells"
559,"648","Funeral Sermon for Mrs. Nancy Austin"
560,"753","Funeral Sermon Jan. 1799"
561,"3059","Funeral Sermon on Col. 3:3-4."
562,"3061","Funeral Sermon on Job 14:2"
563,"3058","Funeral Sermon on Proverbs 23:25"
564,"915","Funeral sermon on younger Robert Carter at Nomini"
565,"245","Funeral Sermon Preached By the Reverend Father Robert Harding, A"
566,"3000","Funerals, On"
567,"934q","Future happiness, Of"
568,"1805","Future Judgement, On a"
569,"2199","Future state of existence & its consolations, On a"
570,"340","General Judgmt"
571,"831","genuine love of God, On"
572,"2120","Give us this day our daily bread"
573,"438","Giving Alms, On"
574,"69","Giving scandal, On;"
575,"351","Gluttony, On"
576,"985","Go ye therefore & teach all nations"
577,"1730","God is faithful, who will not suffer you to be tempted above that ye are able"
578,"746","God is Love"
579,"1683","God is not a man that he should lie"
580,"1942 ","God ought to be served rather than Baal "
581,"1850","God the only source of comfort, support, & protection"
582,"3077","God's Design"
583,"3070","God's Forbearance and Judgment"
584,"926","God's help--A Confirmation Sermon"
585,"390","God's mercy towards sinners, On"
586,"2","God's mercy, On"
587,"339","God's patience towards sinners, On"
588,"3001","God's Power Over Human Life, On"
589,"744","God's protection, On"
590,"3019","God's Revelation of Himself, On"
591,"3130","God's Reveleation, Sermon on"
592,"1952 ","Godliness "
593,"934ii","Godliness maketh Happy"
594,"2043 ","Godliness profitable unto all things "
595,"2045 ","Godly & worldly sorrow, with their effects "
596,"919","Good Conscience, On"
597,"1747","Good Friday, For"
598,"1800","Good Friday, For"
599,"1818","Good Friday, For"
600,"1888","Good Friday, For"
601,"2172","Good Friday, For"
602,"4019","Good Friday, For"
603,"904a","Good Friday, On"
604,"866","Good Government, On"
605,"3123","Good Life, The Necessity of"
606,"2002 ","Good name, A "
607,"2012 ","Good Samaritan, The "
608,"324","Good Use of Time, On ye"
609,"408","Good works, On"
610,"2082","Goodness & mercy of God manifested to all"
611,"1680","Goodness & Security of God in the sufferings of Christ, The"
612,"473","Goodness and Bounty of God, The"
613,"1973 ","Goodness of God "
614,"1863","Goodness of God, On the"
615,"934hh","Gospel light"
616,"646","Gospel No Cause for Shame, The"
617,"896","Gospel only profitable, A"
618,"2108","Gospel preached to the dead, The"
619,"1883","Gospel redeems Men from the bondage of Sin, The"
620,"2129","Gospel the power of God, The"
621,"149","Gospel, On the"
622,"319","Gospel, On the"
623,"1854","Gospel-conversation, On a"
624,"1976 ","Government of our Passions & Affections, The "
625,"1826","Government of the thoughts, On the"
626,"1978 ","Government of the whole man, The "
627,"2112","Grace of God, The"
628,"171","Grace, On"
629,"191","Grace, On"
630,"193","Grace, On"
631,"2078","Grace, On"
632,"974","Gracious Declarations of Christ in favor of Little Children, On the"
633,"975","Gracious Declarations of Christ in favor of little children, On the"
634,"1901","Grand moral Design of the Gospel, The"
635,"2169","Gratitude"
636,"967","Gratitude to God, On"
637,"98","Great Commandment, On the"
638,"364","Great commission, On the"
639,"1733","Great is the Mystery of Godliness"
640,"202","Greed, On"
641,"2111","Grieving the Spirit"
642,"1795","Guarding against detraction from good qualities, On"
643,"207","Habitual Grace, On"
644,"2029 ","Hacknied commendation of a good heart "
645,"73","Hail Mary, On the"
646,"2115","Hallowed be thy name"
647,"1862","Happiness of God, On the"
648,"4018","Happiness of God, On the"
649,"120","happiness of heaven, On the"
650,"199","Happiness, On"
651,"235s","Happiness, On"
652,"1684","Hardened thro' the deceitfulness of sin"
653,"1933 ","Hast thou found honey "
654,"1717","Having heard the word, keep it, & bring forth fruit"
655,"1689","He hath appointed a Day, in the which he will judge the World in righteousness"
656,"939","He is not a Jew, which is one outwardly"
657,"1 ","He that spared not his own Son "
658,"2014 ","He, on whom the Lord will look "
659,"312","Hearing sermons diligently, On"
660,"2025 ","Hearing the word, On "
661,"3033","Heaven (1), On"
662,"3034","Heaven (2), On"
663,"3035","Heaven (3), On"
664,"3036","Heaven (4), On"
665,"3026","Heavenly Conversation, On"
666,"1955 ","Heavenly-mindedness, On "
667,"3018","Hell, On"
668,"3074","Historical Account of Our Saviour, The"
669,"1940 ","History of the Resurrection of Jesus, The "
670,"1941 ","History of the Resurrection, On the "
671,"4042","Holiness, On"
672,"150","Holy Catholic Church, On the"
673,"1743","Holy Communion, On the"
674,"1781","Holy Communion, On the"
675,"1736","Holy Eucharist, On the"
676,"934x","Holy Ghost's descent, Of the"
677,"134","Holy Orders: Hebrews, V"
678,"116","Holy Orders: John, XV, 16"
679,"147","Holy Orders: Responsibilities"
680,"332","Holy Sacrifice of Mass, Upon the"
681,"51","Holy Spirit, On the"
682,"113","Holy Trinity Congregation, To"
683,"718","Homily of the State of Matrimony, An"
684,"136","Homily on the concluding part of the 2d. ch. of S. Luke"
685,"3121","Honor, On"
686,"122","Honors due to religion, On the"
687,"2123","Hope in God"
688,"244","Hope in God, On"
689,"235e","Hope, Of"
690,"252","Hope, On"
691,"820","Hope, On"
692,"664","Hour of Christ, The"
693,"1013","How can ye escape the Damnation of Hell"
694,"48","How to hear mass wh devotion"
695,"235h","Human ingratitude"
696,"1879","Human self-deception"
697,"2086","Humiliation & its happy consequences"
698,"441","Humiliations and afflictions, On"
699,"11 ","Humility and Prayer, On "
700,"934e","Humility, Of;"
701,"393","Humility, On"
702,"1815","Humility, On"
703,"4011","Humility, On"
704,"3083","Hunger and Thirst for Righteousness, On the"
705,"635","Hypocrisy in Religion"
706,"1679","I am a Companion of all of them that fear thee"
707,"1667","I am with you always"
708,"1674","I am with you always"
709,"917","I have lived in all good conscience before God"
710,"1696","I know that thou wilt bring me to Death"
711,"1712","If the Son therefore shall make you free, ye shall be free indeed"
712,"1702","If thou wilt enter into life, keep the Commandments"
713,"899","If ye live after the flesh ye shall die"
714,"3125","Imitating Christ's Life, On"
715,"934f","Imitating God, Of"
716,"215","Immaculate Conception, On the"
717,"215","Immaculate Conception, On the"
718,"3017","Immaculate Conception, On the"
719,"1764","Immensity of God, On the"
720,"1788","Immortality of the Soul, On the"
721,"2208","Immortality, On"
722,"743","Immutability of God, On the"
723,"1763","Immutability of God, On the"
724,"638","Impiety & Folly of Dependence upon the World, The"
725,"663","Importance of Knowledge, The"
726,"121","Importance of Salvation, On the"
727,"461","Importance of Salvation, The"
728,"356","Importance of works, On the"
729,"1900","Impossibility of Serving God & Mammon, The"
730,"1697","In my prosperity I said, I shall never be moved"
731,"726","In Praise of God"
732,"792","In trust with the Gospel"
733,"1819","Incentives to holiness"
734,"267","Increase in grace, On"
735,"1753","Inefficacy of morality without faith, The"
736,"235t","Infallibility of the Church, On the"
737,"187","Infallibility, On"
738,"971","Infant's Cause advocated, The"
739,"972","Infant's Cause advocated, The"
740,"973","Infant's Cause advocated, The"
741,"168","Inferno, De "
742,"126","Infidelity"
743,"159","Infidelity"
744,"216","Ingratitude to God, On"
745,"1935 ","Inimitable goodness & excellence of the Saviour, The "
746,"392","Innocence, On"
747,"2095","Insisting of the law and the prophets"
748,"1794","Intercession of Christ, On the"
749,"1828","Introduction of the Book of Common Prayer, On the"
750,"693","Inward light, On"
751,"1692","It is a fearful thing to fall into the Hands of the living God"
752,"1017","It is appointed unto man once to die"
753,"1782","Jail, For the"
754,"3085","James 1:22, On"
755,"2098","Jesus Christ our Lord"
756,"1719","Jesus put forth his hand"
757,"1890","Jesus Xt was sent to bless men, & to reclaim them from sin"
758,"3015","Jesus, Light of the World, On"
759,"908","Jews, Sin, and the Law, On"
760,"3138","Job 29: 11-13, On"
761,"2073","Joel & Micah reconciled"
762,"3103","Joel 1: 14-15, On"
763,"1893","Jonah, The History of"
764,"758","Joshua's Resolution"
765,"1995 ","Joshua's Resolution "
766,"4065","Journal of my Mission to Virginia, A"
767,"1846","Joy in Prosperity"
768,"650","Joy of Keeping Sacred the Lord's Day, The"
769,"812","Joy of the Lord is your strength, The"
770,"3098","Joy, On"
771,"166","Jubilee Year"
772,"190","Jubilee, On the approaching"
773,"254","Judgement"
774,"1895","Judgement of the World, The"
775,"2046 ","Judging One another "
776,"226","Judgment"
777,"77","Judgment, On"
778,"186","Judgment, On"
779,"251","Judgment, On"
780,"346","Judgment, On"
781,"394","Judgment, On"
782,"403","Judgment, On"
783,"877 ","Just shall live by Faith, The"
784,"934bb","Justice and Equity"
785,"1966 ","Justice between Master & Servant "
786,"1865","Justice of God, On the"
787,"4049","Justice of God, On the"
788,"1964","Justice twixt Rulers & Citizens "
789,"219","Justice, On"
790,"1796","Justice, On"
791,"2008 ","Justification by Christ's blood "
792,"1965 ","Justification through Christ "
793,"4020","Justification through Christ"
794,"4061","Justification through Christ"
795,"901","Justified by faith"
796,"3105","Keys of Hell and Death, On"
797,"798","Kingdom come, Thy"
798,"800","Kingdom come, Thy"
799,"960","Kingdom of God shall be taken from you, The"
800,"759","Last Judgment, On the"
801,"3122","Last Judgment, On Works Revealed at"
802,"161","Last Judgment, The"
803,"1768","Laying-up Treasures in Heaven, On"
804,"2121","Lead us not into temptation"
805,"995","Lecture delivered at Marsh creek January 8th. 1794, A"
806,"1644","Lecture upon 2 Sam 24 Ch, A"
807,"2136","Lent, For"
808,"141","Lent: Fasting"
809,"130","Lent: The Parable of the Sower"
810,"1739","Let me die the death of the righteous"
811,"914","Let not the wise man glory in his wisdom"
812,"1018","Let us not be weary in well-doing"
813,"1685","Let us not be weary in well-doing"
814,"665","Let us run with Patience the Race"
815,"1676","Let us therefore fear"
816,"677","Let your Requests be made known unto God"
817,"1988 ","Life & immortality bro't to life by Xt "
818,"3073","Life and Doctrine of Christ, The"
819,"264","Life everlasting."
820,"1990","Light for the Righteous"
821,"694","Lisbon Earthquake, About"
822,"1856","Liturgy, On the"
823,"1857","Liturgy, On the"
824,"1858","Liturgy, On the"
825,"934l","Living a good life, Of"
826,"661","Living a Holy Life"
827,"4012","Living Fully in Faith"
828,"4022","Living Fully in Faith through Christ"
829,"4046","Living the Christian Religion"
830,"2070","Living unto Him, who died &c &c."
831,"2204","Living unto the Lord"
832,"2071","Looking unto Jesus"
833,"1859","Lord -- Man's Shepherd, The"
834,"991b","Lord Day Aft:"
835,"990","Lord's Day"
836,"989","Lord's Day Morn:"
837,"991a","Lord's Day Morn:"
838,"4045","Lord's Prayer, On"
839,"3021","Lord's Supper (2), On the"
840,"934nn","Lord's Supper, Of the"
841,"822","Lord's Supper, On the "
842,"3020","Lord's Supper, On the"
843,"934vv","Loss and gain of the soul"
844,"1699","Love not the World"
845,"2054","Love of Brethren"
846,"3131","Love of Christ, On"
847,"2055","Love of God in redemption, The"
848,"963","Love of God in the salvation of man, The"
849,"1760","Love of God, On the"
850,"821","love of Jesus, On the"
851,"398","Love of our neighbor, Of ye"
852,"870","Love of the World, On"
853,"934ee","Love, Of"
854,"3030","Love, On"
855,"1789","Loving men more than Christ, On"
856,"3115","Loving Not the World, On"
857,"1961 ","Loving of Enemies "
858,"934i","Loving one another, Of"
859,"399","Loving our enemies, On"
860,"306","Lukewarm Christians, On"
861,"335","Madgalain, or ye. Poenitent Sinner"
862,"934t","Man's blessed End, Of"
863,"2113","Manner of our Lord's introducing his prayer, The"
864,"217","Mariage"
865,"672","Mark the perfect Man, and behold the upright"
866,"1989 ","Marks of a true Xtian "
867,"2188","Marks of Religious Sincerity"
868,"1929 ","Marriage of Cana of Galilee, The "
869,"342","Marriage, On"
870,"388","Marriage, On"
871,"455","Marriage, On"
872,"456","Marriage, On"
873,"1999 ","Mary's better choice "
874,"322","Mass, 1st Discourse on the"
875,"323","Mass, 3rd Discourse on the"
876,"426","Mass, On the"
877,"155","Matrimony: John, II, 1-2"
878,"1954 ","Men reject the Gospel, because their deeds are evil "
879,"1762","Mercy of God, On the"
880,"156","Mercy towards children, On"
881,"1811","Mercy, On"
882,"838","merry heart, A"
883,"3063","Merry Sermon, The"
884,"1031","Method of Confessing"
885,"3038","Miracles, On"
886,"2083","Mission of Moses & Aaron to Pharaoh, The"
887,"2134","Mixture of good & bad, The"
888,"2036 ","Mixture of rich and poor "
889,"2132","Moderation"
890,"934aa","Moderation, Of"
891,"230","Mortal Sin, On"
892,"421","Mortal sin, On"
893,"1982 ","Mortification "
894,"442","Mortification of our passions, On the"
895,"271","Mortification of Passions"
896,"1749","Murder, On"
897,"225","Nativity of Christ"
898,"1033","Nativity of our Lord, On ye"
899,"64","Nativity, On the"
900,"71","Nativity, On the"
901,"86","Nativity, On the"
902,"87","Nativity, On the"
903,"94","Nativity, On the"
904,"289","Nativity, On the"
905,"310","Nativity, On the"
906,"318","Nativity, On the"
907,"436","Nativity, On the"
908,"440","Nativity, On the"
909,"458","Nativity, On the"
910,"1877","Natural religion no superseding revealed"
911,"4003","Natural State of Man"
912,"1748","Nature & Advantages of dying in the Lord, The"
913,"4050","Nature and necessity of holy Resolution, The"
914,"4051","Nature and necessity of holy Resolution, The"
915,"891","Nature of God, On the"
916,"772","Nature of Love to God & Christ"
917,"4044","Nature of Sin, On"
918,"1772","Nature of the kingdom & righteousness of God, On the"
919,"54","Necessity of good works, On the"
920,"1786","Necessity of improving the religious advantages, The"
921,"2101","Necessity of knowing & loving the divine law, The"
922,"1827","Necessity of Revelation, The"
923,"1708","Necessity of Virtue in order to Happiness, The"
924,"640","Necessity of Watchfulness & Prayer, The"
925,"119","Neglecting daily graces, On"
926,"5 ","Neglecting small duties, On "
927,"1681","Neither Circumcision availeth anything, no[r] uncircumcision, but a new Creature"
928,"658","Neither Poverty Nor Riches"
929,"4043","New Creatures in Christ"
930,"771","New Year"
931,"770","New Year & Nature"
932,"1867","New Year 1792, For the"
933,"2060","New Year 1796, For the"
934,"2015 ","New Year, For the "
935,"2160","New Year, For the"
936,"1972 ","New-Year, For the "
937,"445","Ninth Article"
938,"2006 ","Ninth Commandment, On the "
939,"1735","No chastening for the present seemeth to be joyous"
940,"2058","No continuing city here"
941,"2171","No earthly good to stand in the way of our eternal welfare"
942,"2059","Not many wise men"
943,"1869","Not to be slothful in business"
944,"773","Notes on Hebrews 11, 6"
945,"791","Now then we are Ambassadors for Christ"
946,"1678","O that they were wise"
947,"2031 ","Obedience neither impossible, nor extremely difficult "
948,"407","Obedience to God, On"
949,"235b","Obedience to God, On"
950,"3022","Obedience to God, On"
951,"369","Obedience, On"
952,"1855","Objection from the number, the abilities, & the virtue of infidels refuted, The"
953,"1853","Objections against Christianity removed"
954,"660","Observance of God's Commandments, The"
955,"2056","Observance of the Seventh day, On the"
956,"1775","Observation of the Sabbath, On the"
957,"2191","Occasioned by the third visitation of Baltimore by the Yellow Fever"
958,"826","office of the preacher, The"
959,"3006","Offices of the Church, On"
960,"1861","Omnipotence of God, The"
961,"1860","Omniscience of God"
962,"950","One Thing Needful, The"
963,"1669","Opening of the Chappel Amelia, At the"
964,"361","Ordination, On "
965,"362","Ordination, On"
966,"964","Origin of Love, The"
967,"2114","Our Father, which art in Heaven"
968,"993","Our fellowship is with the Father & with his son"
969,"283","Our last end, On"
970,"934y","Our Lord's Incarnation, Of"
971,"241","Our Lord, Of"
972,"725","Out of the Heart proceed evil Thoughts, For"
973,"1849","Over-righteousness"
974,"2135","Overcoming evil with good"
975,"88","Pain of loss, On ye"
976,"92","Pain of loss, On ye"
977,"266","Palm Sunday, On"
978,"3120","Parable of Lazarus, On the"
979,"1851","Parable of the Housholder, The"
980,"1947 ","Parable of the lost Sheep & piece of Silver, The "
981,"1784","Parable of the prodigal son, On the"
982,"2080","Parable of the rich man and Lazarus, The"
983,"775","Parable of the Sower, The"
984,"934ll","Parable of the Sower, The"
985,"3106","Parable of the Steward, On"
986,"1994 ","Parable of the two sons, The "
987,"1848","Parable of the Unjust Steward, The"
988,"1885","Parable of the Vineyard let to husbandmen, The"
989,"774","Pardoning Mercy"
990,"377","Pardoning one's enemies, On"
991,"66","Pardoning our Enemies, On"
992,"3037","Parents and Children, On"
993,"106","Passion and Resurrection, On the"
994,"60","Passion of Christ, On the"
995,"200","passion of Christ, On the"
996,"1023","Passion of Xt, On the"
997,"329","Passion Sermon"
998,"269","Passion, On the"
999,"293","Passion, On the"
1000,"300","Passion, On the"
1001,"352","Passion, On the"
1002,"382","Passion, On the"
1003,"235u","Pastoral duties, On"
1004,"1698","Path of the just is as the shining Light, The"
1005,"53","Patience of God, On the"
1006,"934n","Patience, Of"
1007,"843","Patience, On"
1008,"1797","Patient forbearance of God, On the"
1009,"3094","Patriotism, On"
1010,"1916","Payment of tribute to Caesar, The"
1011,"653","Peace and Tribulation"
1012,"1991 ","Peace dispensed by Xt to his disciples, The "
1013,"3084","Peace from Loving God's Law, On"
1014,"996","Peace I leave with you"
1015,"170","Peace of Jesus Christ, On the"
1016,"3133","Peace to the Wicked, On No"
1017,"934p","Peace, Of"
1018,"309","Peace, On"
1019,"128","Penance"
1020,"157","Penance"
1021,"84","Penance, On"
1022,"137","Penance, On"
1023,"345","Penance, On"
1024,"411","Penance, On"
1025,"412","Penance, On"
1026,"449","Penance, On"
1027,"1032","Penance, On"
1028,"164","Pentecost"
1029,"165","Pentecost"
1030,"253","Pentecost Day, On"
1031,"125","Pentecost, On"
1032,"212","Pentecost, On"
1033,"363","Pentecost, On"
1034,"380","Pentecost, On"
1035,"435","Pentecost, On"
1036,"454","Pentecost, On"
1037,"1825","Perfection required, On the"
1038,"2147","Perseverance in Faith & Hope"
1039,"386","Perseverance, Of"
1040,"1769","Persuasive to charity"
1041,"1790","Persuasive to charity"
1042,"911","Peter's Denial of his Lord"
1043,"2081","Petition of the Mother of Zebedee's Children, From the"
1044,"1953 ","Pharisee & the Publican, The "
1045,"1617","Phillipians 2d Ch & 8 vs."
1046,"1816","Pleasantness of religion, The"
1047,"3126a","Pleasing Man and God, 2, On"
1048,"3126","Pleasing Men and God, On"
1049,"3091","Poor, On the"
1050,"1881","Power of bad habits, The"
1051,"784","Power of the Gospel, The"
1052,"1745","Praise, On"
1053,"179","Prayer, On"
1054,"316","Prayer, On"
1055,"358","Prayer, On"
1056,"1824","Prayer, On"
1057,"962","Preach the Word"
1058,"198","Preparation for Death, On"
1059,"214","Preparation for Death, On"
1060,"243","Preparation for Death, On"
1061,"337","Preparation for Death, On"
1062,"370","Preparation for Death, On"
1063,"400","Preparation for Death, On"
1064,"357","Preparation for judgment, On"
1065,"235k","Presence of God, On the"
1066,"3066","Presumptuous Sins, On"
1067,"79","Pride, On"
1068,"285","Pride, On"
1069,"359","Pride, On"
1070,"474","Pride, On"
1071,"724","Prodigal Son, On the"
1072,"462","Profanity, On"
1073,"1974 ","Promise of a prophet like unto Moses, The "
1074,"3132","Promise of God, On the"
1075,"740","Promises of God, On the"
1076,"1001","Proper Distribution of the Elements of the Sacrament of the Lord's Supper"
1077,"1925","Prophecy concerning Shiloh, The"
1078,"1905","Prophecy of the Destruction of Jerusalem, The"
1079,"1813","Prophetic Character of Christ, On the"
1080,"2145","Propriety of a reverent and attentive deportment in ye house of God, The"
1081,"235r","Protestant and Catholic churches, On the"
1082,"3102","Proverbs 30: 8-9, On"
1083,"3108","Proverbs 3:7, On"
1084,"3049","Proving and Holding to Truth, On"
1085,"3087","Psalm 100: 2, On"
1086,"3139","Psalm 119, On"
1087,"3088","Psalm 119: 165, On"
1088,"3109","Psalm 119: 97, On"
1089,"3090","Psalm 144:3, On"
1090,"1897","Psalmody, On"
1091,"921","public fast-day to minute-company at Charlottesville, On"
1092,"776","Public Worship"
1093,"1751","Punishment of Disobedience, The"
1094,"2137","Pure and Undefiled Religion"
1095,"90","Purgatory, On"
1096,"457","Purgatory, On"
1097,"239","Purgatry "
1098,"343","Purification, On the"
1099,"292","Purification, On ye"
1100,"3113","Purifying One's Soul, On"
1101,"1906","Putting on the Lord Jesus Christ"
1102,"2128","Questions of John's Disciples, On the"
1103,"676","Rabbi, we know, that thou art a Teacher come from God"
1104,"647","Race for Heaven, The"
1105,"228","Rash Judgment, On"
1106,"4023","Reasonableness of Serving God, The"
1107,"2176","Reasons for rejoicing in the Lord"
1108,"1806","Reasons for the exercise of divine mercy towards Sinners"
1109,"434","Receiving injuries from others, On"
1110,"934v","Redeeming the time, Of"
1111,"634","Reforming from Vicious Habits"
1112,"1812","Regal Character of Christ, On the"
1113,"1983 ","Regeneration "
1114,"829","regeneration and not returning to heathen habits, On"
1115,"475","Regeneration and the Law of God"
1116,"905","Regeneration, On"
1117,"1979 ","Rejoicing in hope "
1118,"927","Rejoicing in the Lord"
1119,"1968 ","Rejoicing in ye Lord "
1120,"3057","Rejoicing, On"
1121,"223","Relapse, On"
1122,"261","Relapse, On"
1123,"374","Relapse, On"
1124,"404","Relapse, On"
1125,"907","Religion the <i>rest</i> of all that labour"
1126,"2116","Religion, Of"
1127,"637","Religious Education of Children, The"
1128,"4008","Religious Instruction, On"
1129,"741","Religious Retreats Prayer and Communion with God, On"
1130,"401","Remedies for sin, On"
1131,"804","Remember now thy Creator"
1132,"673","Remember now thy Creator in the Days of thy Youth"
1133,"1671","Remember now thy Creator in the Days of thy Youth"
1134,"4033","Remember Thy Creator"
1135,"1927 ","Remission of sin, & the consequence expected "
1136,"1980 ","Remission of sins "
1137,"139","Remorse for sin, On"
1138,"2178","Remorse of Conscience"
1139,"196","Remorse, On"
1140,"4064","Renewing your Mind"
1141,"431","Renouncing God, On"
1142,"367","Renunciation of the world, On"
1143,"818","Repent and believe the Gospel"
1144,"1960 ","Repentance "
1145,"2068","Repentance"
1146,"3009","Repentance (1), On"
1147,"3010","Repentance (2), On"
1148,"4013","Repentance and Faith, On"
1149,"934h","Repentance, Of"
1150,"203","Repentance, On"
1151,"304","Repentance, On"
1152,"317","Repentance, On"
1153,"353","Repentance, On"
1154,"366","Repentance, On"
1155,"376","Repentance, On"
1156,"443","Repentance, On"
1157,"317a","Repentance, On"
1158,"153","Repentance--Fragment"
1159,"152","Repentance: Fragment"
1160,"3041","Reputation, On"
1161,"1951 ","Resignation "
1162,"1770","Resignation of the heart to God, On the"
1163,"2148","Resting in, & waiting for the Lord"
1164,"934b","Resurrection of Christ, Of the"
1165,"2047 ","Resurrection of Lazarus, The "
1166,"2140","Resurrection of the Body, On the"
1167,"265","Resurrection of the body, The"
1168,"3072","Resurrection of the Dead, On the"
1169,"42","Resurrection, On the"
1170,"65","Resurrection, On the"
1171,"76","Resurrection, On the"
1172,"174","Resurrection, On the"
1173,"182","Resurrection, On the"
1174,"206","Resurrection, On the"
1175,"220","Resurrection, On the"
1176,"333","Resurrection, On the"
1177,"391","Resurrection, On the"
1178,"395","Resurrection, On the"
1179,"397","Resurrection, On the"
1180,"422","Resurrection, On the"
1181,"432","Resurrection, On the"
1182,"465","Resurrection, On the "
1183,"235a","Resurrection, On the"
1184,"1801","Retirement & Meditation, On"
1185,"331","Retirement from Worldly affairs"
1186,"2074","Revelation not untrue, because man was unworthy of it"
1187,"3104","Revelation, On"
1188,"67","Revenge, On"
1189,"1773","Revenge, On"
1190,"2076","Rich man & Lazarus, The"
1191,"2077","Rich man & Lazarus, The"
1192,"2079","Rich man & Lazarus, The"
1193,"470","Rich Man and Lazarus, The"
1194,"888","Righteousness, Temperance, and Judgment to come"
1195,"2158","Rising generation exhorted"
1196,"4009","Rule of Divine Providence"
1197,"786","Rule of Equity, The"
1198,"184","Sacrament of penance, On the"
1199,"284","Sacrament of penance, On the"
1200,"235o","Sacrament of penance, On the"
1201,"934m","Sacrament, Of the"
1202,"934dd","Sacrament, Of the"
1203,"246","Sacred Heart, On the"
1204,"2183","Sacred to the Memory of George Washington"
1205,"1807","Sacrifice made by Xt, On the"
1206,"49","Sacrifice of Mass, Of ye"
1207,"1949 ","Safety & happiness of following that which is good, The "
1208,"1902","Safety & Security of upright walking, The"
1209,"692","Salvation"
1210,"3114","Salvation for the Righteous and Sinful, On the"
1211,"934k","Salvation, Of"
1212,"78","Salvation, On"
1213,"211","Salvation, On"
1214,"418","Salvation, On"
1215,"427","Salvation, On"
1216,"62","Sanctity, On"
1217,"1785","Satisfaction made by Christ, On the"
1218,"3032","Scoffers, On"
1219,"423","Scourging of Christ, On the"
1220,"360","Scribes and Pharisees, On the"
1221,"35 ","Scripture Doctrine of Regeneration, The "
1222,"1731","Search the Scriptures"
1223,"3067","Second Coming(1), On the"
1224,"3068","Second Coming(2), On the"
1225,"3069","Second Coming(3), On the"
1226,"643","Second Coming, The"
1227,"2001 ","Second Commandment, On the "
1228,"1898","Secret Faults"
1229,"1934 ","Seed among Thorns, The"
1230,"1931 ","Seed by the Way-side, The "
1231,"1936 ","Seed in the good ground, The "
1232,"1932 ","Seed on the Rock, The "
1233,"311","Seek the[e] first Kingdom of God"
1234,"742","Seek ye first the Kingdom of God"
1235,"674","Seek ye first the Kingdom of God & his Righteousness, But"
1236,"742a","Seek ye first the Kingdom of God--Sermon I"
1237,"742b","Seek ye first the Kingdom of God--Sermon II"
1238,"2104","Self-communion recommended"
1239,"1896","Self-deceit of the wicked"
1240,"977","Self-examination, On"
1241,"1838","Self-examination, On"
1242,"4038","Self-examination, On"
1243,"2040 ","Self-love "
1244,"336","Self-love, On"
1245,"719","Serious Advice not to---"
1246,"961","Sermon #14 from Psalm LXXIII. 25th, A"
1247,"1620","Sermon 1st from John 14 Ch 23 vs."
1248,"1627","Sermon 2d from 1st Tim 1st Ch & 15 vs"
1249,"1625","Sermon 2d from 2d Peter 3d Ch & 11 vs."
1250,"1609","Sermon 2d from Col 3d Ch 2, 3, 4 vs."
1251,"1646","Sermon 2d from Isai 26 Ch 8, 9 vs."
1252,"1615","Sermon 2d from John 14 Ch 23"
1253,"1604","Sermon 2d from John 3d Ch 3 & 5 vs."
1254,"1619","Sermon 2d from Luke 1st Ch 17 vs"
1255,"1640","Sermon 2d from Phillip 1, 27"
1256,"1605","Sermon 3d from John 3 Ch 3 & 5 vs."
1257,"1601","Sermon 3d from Luke 10 Ch 41, 42 vs."
1258,"1606","Sermon 4th from John 3 Ch 3 & 5 vs."
1259,"1602","Sermon 4th from Luke 10 Ch 41, 42 vs."
1260,"1607","Sermon 5 from John 3d Ch 3 & 5 vs."
1261,"1629","Sermon 7 from Titus 2, 11, 12"
1262,"933","Sermon against slavery"
1263,"910","Sermon at the opening of S. Annes Ch."
1264,"893","Sermon before General Assembly in 1689"
1265,"906","Sermon delivered at the Bank Meeting House, A"
1266,"1621","Sermon first from Isai 55 Ch 7 vs."
1267,"3052","Sermon for Christmas"
1268,"3054","Sermon for Christmas"
1269,"3053","Sermon for Easter"
1270,"954","Sermon for the Anniversary of American Independence, A"
1271,"788","Sermon for Whitsunday"
1272,"321","Sermon for ye 6th Sunday after ye Epiphany, A"
1273,"1635","Sermon from 1 Ep John 1 & 7"
1274,"1611","Sermon from 1 Ep John 1 Ch & 7 vs lt pt."
1275,"1610","Sermon from 1st Ep Peter 1st Ch 6 & 7 vs."
1276,"1626","Sermon from 1st Tim 1st Ch & 15 vs"
1277,"1624","Sermon from 2d Peter 3d Ch & 11 vs."
1278,"1608","Sermon from Colos 3d Ch 2, 3, 4 vs."
1279,"1653","Sermon from Deut 5 ch 29 vs, A"
1280,"1654","sermon from deut 5 ch 29 vs, A 2d"
1281,"953","Sermon from Deuteronomy, A"
1282,"1634","Sermon from Exod 20, 8 vs"
1283,"1636","Sermon from Ezek 33, 33"
1284,"1638","Sermon from Gal 5, 15"
1285,"1645","Sermon from Isai 26 Ch, 8, 9 vs, A"
1286,"1651","Sermon from Isai 53 ch & 5 vs, A"
1287,"1641","Sermon from Isai 66 & 2d"
1288,"1623","Sermon from Jerem 31 & 20"
1289,"1664","Sermon from Job 31 Ch & 6 vs"
1290,"1663","Sermon from Job 31 Ch & 6 vs, A"
1291,"1614","Sermon from John 14, 23"
1292,"1603","Sermon from John 3d Ch 3 & 5 vs."
1293,"1633","Sermon from John 4, 24"
1294,"1649","Sermon from John [14] Ch & 47 vs, A"
1295,"1618","Sermon from Luke 1st Ch 17 vs lt pt"
1296,"1652","Sermon from Matt 22 Ch 4 vs, A"
1297,"1632","Sermon from Matt 4, 10"
1298,"1642","Sermon from Matthew 6, 33"
1299,"1639","Sermon from Phillip 1, 27"
1300,"1631","Sermon from Ps 103, 19"
1301,"1650","Sermon from Ps 116, 16 vs, A"
1302,"1613","Sermon from Ps 26 & 6"
1303,"1612","Sermon from Ps 39, 10, 11, 12 vs."
1304,"1647","Sermon from Psal 14 & 1"
1305,"1622","Sermon from Psalme 38 vs 18"
1306,"1630","Sermon from Rev 2, 17"
1307,"1616","Sermon from Rev 4 Ch 10 vs."
1308,"1655","Sermon from songs 8 ch & 2d vs, A"
1309,"1656","sermon from songs 8 ch & 2d vs, A 2d"
1310,"987","Sermon notes on the books of Timothy"
1311,"998","Sermon Notes on the Lord's Supper"
1312,"1028","Sermon occasioned by the death of Deacon Thomas Quarterman"
1313,"938","Sermon on 2 Cor. 4. 13"
1314,"636","Sermon on Acts 2[4]. 25."
1315,"1027","Sermon on Acts X, 33"
1316,"779","Sermon on Be not ashamed"
1317,"847","Sermon on Easter"
1318,"848","Sermon on Everlasting Life"
1319,"780","Sermon on Godliness with Contentment, A"
1320,"777","Sermon on Grace"
1321,"982","Sermon on Hebrews 12th C & 14 V, A"
1322,"943","Sermon on Isaiah XLIV: 5"
1323,"869","Sermon on Judgment and the Jews"
1324,"958","Sermon on Matthew 11, 28-30"
1325,"785","Sermon on Prayer"
1326,"997","Sermon on Psal. 118, 2d, A"
1327,"994","Sermon on Romans 7th 18th, A"
1328,"787","Sermon on St. Luke 22, 19 & 20"
1329,"781","Sermon on the Advantages of Religion"
1330,"1024","Sermon on the Ascension"
1331,"10","Sermon On the Constitution and Order of the Christian Church, A "
1332,"957","Sermon on The Creation of Man, A"
1333,"931","Sermon on the death of Col. George Carrington"
1334,"778","Sermon on the flesh and the spirit"
1335,"955","Sermon On The Law of God, A"
1336,"956","Sermon on The Law of God, A"
1337,"1007","Sermon on the Lord's Supper"
1338,"1009","Sermon on the Lord's Supper"
1339,"965","Sermon on The Love of God, A"
1340,"930","Sermon on the married state"
1341,"782","Sermon on the Nature of true Holiness, A"
1342,"942","Sermon on the parable of the Rich Man and Lazarus"
1343,"966","Sermon on the profanation of the name of God, A"
1344,"1000","Sermon on the Sacrament of the Lord's Supper"
1345,"1003","Sermon on the Sacrament of the Lord's Supper"
1346,"880","Sermon on the World"
1347,"880a","Sermon on the World"
1348,"880b","Sermon on the World"
1349,"935","Sermon Preached at James City in Virginia, A"
1350,"1015","Sermon preached at New York"
1351,"632","Sermon Preached at the Death of General Washington"
1352,"3093","Sermon Preached in Annapolis"
1353,"841","Sermon preached in my own Parish Church, A"
1354,"682","Sermon upon the decay of Christianity"
1355,"916","Sermons (1770) of an unidentified minister, Three"
1356,"2999","Sermons of Thomas Cradock"
1357,"1665","Sermons on Various Occasions by the Rev. Paul Turquand, Volume I"
1358,"1714","Sermons on Various Occasions by The Rev. Paul Turquand, Volume I"
1359,"1688","Sermons on Various Occasions by the Rev. Paul Turquand, Volume II"
1360,"667","Sermons preached after 1800 by John Durbarrow Blair "
1361,"1628","Sermons Vollume Thirteenth [by Archibald Simpson]"
1362,"1600a","Sermons [by Archibald Simpson]"
1363,"944","Sermons, 1792-1802 [by Armistead Smith]"
1364,"1738","Serve the Lord with Gladness"
1365,"2053","Service of the Lord neither vain nor unprofitable, The"
1366,"256","Serving God, On"
1367,"409","Serving God, On"
1368,"3117","Serving Two Masters, On"
1369,"645","Set thine House in Order"
1370,"1694","Set your affection on things above"
1371,"4001","Set your affections on things above."
1372,"1019","Seven Mss. Sermons Delivered [by Samuel Frink] in Christ Church, Savannah"
1373,"1014","Seventeen Manuscript Sermons, 1760-1804, [by Samuel Stillman]"
1374,"2004 ","Seventh Commandment, On the "
1375,"453","Sexagesima Sunday, On"
1376,"827","Shewing thyself a pattern of good works"
1377,"1705","Shine to enter at the strait Gate"
1378,"1732","Short Acct. of the Nature, Terms & Conditions of the Baptismal Covenant"
1379,"983","Short Discorce [sic] on the 14C. of Reveration [sic] & 13V, A"
1380,"327","Sign of the Cross, On ye"
1381,"1969 ","Simeon's Apostrophe "
1382,"4027","Sin and the Follies of Youth"
1383,"3048","Sin's Burdens and Christ's Yoke, On"
1384,"444","Sin, On"
1385,"446","Sin, On"
1386,"387","Sincere conversion, On"
1387,"2019 ","Sinners, their allurements to be guarded against "
1388,"2021 ","Sinners, their allurements to be guarded against "
1389,"2041 ","Sins of Infirmity "
1390,"281","Sixth Article of the Creed, On the"
1391,"296","Sixth Article of the Creed, On the"
1392,"297","Sixth Article of the Creed, On the"
1393,"299","Sixth Article of the Creed, On the"
1394,"379","Slavery to human respects, On"
1395,"1998 ","Slothful man & his lion, The "
1396,"1710","So shall he sprinkle many Nations"
1397,"679","So then, after the Lord had spoken unto them"
1398,"934a","Son of God, The"
1399,"2026 ","Sorrow & heaviness of our Lord in Gethsemane, The "
1400,"1956 ","Sorrow & mourning become all. "
1401,"934ss","Souls rest, The"
1402,"1722","Sow to yourselves in Righteousness, reap in mercy"
1403,"2194","Speaking truth"
1404,"270","Speedy Conversion, On"
1405,"305","Spirit of the world, On the"
1406,"146","Spirit of the World, The"
1407,"1957 ","Spirit preventeth the works of the flesh, The "
1408,"68","Spiritual benefits, On"
1409,"3783","Spiritual blessings bestowed on man, On the"
1410,"2200","Spiritual or moral pride, On"
1411,"1740","Spiritual Vigilance"
1412,"3014","Spiritual Warfare, On"
1413,"235v","St Ignatius, On"
1414,"2103","St John, Epistle 1: 3 Chapter, 8 Verse, On"
1415,"2192","St John; Ch. 8, V. 10, 11"
1416,"2187","St Peter's Denial of his Master, On"
1417,"58","St. Francis Xavier, On"
1418,"6 ","St. Ignatius' Feast, On "
1419,"247","St. Ignatius, On"
1420,"325","St. Ignatius, On"
1421,"2173","St. John Baptist, For"
1422,"365","St. John the Baptist, On"
1423,"3031","St. Paul before Felix, On"
1424,"2181","St. Paul's Choice"
1425,"2042 ","St. Paul's Discourse to Felix "
1426,"1844","State between Death & the Resurrection, On a"
1427,"3064","State of Protestantism, On"
1428,"1886","State of the wicked considered, The"
1429,"368","Steadfastness, On"
1430,"750","Study to shew thyself approved unto God"
1431,"816","Study to shew thyself approved unto God"
1432,"817","Study to shew thyself approved unto God "
1433,"828","Study to shew thyself approved unto God"
1434,"180","Submission to ye will of god, On"
1435,"4016","Submitting to the Will of God, On"
1436,"548","Substance of a Sermon, preached by Tho. Coke "
1437,"1830","Success of Xtianity an evidence of its truth, The"
1438,"188","Sudden death, On"
1439,"97","Suffering in this world, On"
1440,"1836","Summary of the arguments in favor of Christianity"
1441,"2186","Superior excellence of Christ's preaching, The"
1442,"2052","Superiority of the Gospel over Natural Religion, The"
1443,"111","Suspension of Andrew Nugent, On the"
1444,"169","Swearing, On"
1445,"173","Swearing, On"
1446,"175","Swearing, On"
1447,"235n","Swearing, On"
1448,"1021","Take heed therefore how ye hear"
1449,"928","Take heed to yourselves"
1450,"115","Taking possession of the Episc. see of Baltre Decr 1790"
1451,"934d","Tares in the Church, Of the"
1452,"651","Temple of God on Earth, The"
1453,"3051","Temptation and Wisdom, On"
1454,"1937 ","Temptations offered to men "
1455,"1882","Temptations, offered by Satan to Jesus, presented also to man, The"
1456,"414","Temptations, On"
1457,"652","Tenderness and Mercy of God, The"
1458,"2007 ","Tenth Commandment, On the "
1459,"2009 ","Tenth Commandment, On the "
1460,"2035 ","Terms and Qualifications of successful prayers, The "
1461,"949","Testify the Gospel of the Grace of God"
1462,"929","Textbook of Sermons Heard by Richard Dozier"
1463,"2124","Thanksgiving 1797, For the"
1464,"1809","Thanksgiving for national blessings"
1465,"2022 ","Thanksgiving on Feb. 19, 1795, For the "
1466,"471","Thanksgiving Sermon, A"
1467,"941","Thanksgiving Sermon, A"
1468,"631","Thanksgiving Sermon, A, in consequence of the President's Proclamation"
1469,"177","Theft, On"
1470,"4066","Theological Responses"
1471,"1728","There is a reward for the righteous"
1472,"1720","There is no good in them, but for a Man to rejoice and to do good in his life"
1473,"913","There is no peace saith my God to ye Wicked"
1474,"966x","There Remaineth therefore a rest to the People of God"
1475,"813","There shall come in the last days scoffers"
1476,"815","Therefore be ye also ready"
1477,"2122","Thine is the kingdom"
1478,"2066","Things in which we ought not, and that in which we may glory"
1479,"2067","Things, in which we ought not, and that, in which we may glory"
1480,"280","Third Article of the, On the"
1481,"1803","Third commandment, On the"
1482,"805","This do in remembrance of me"
1483,"1914","Those who honor God"
1484,"2075","Those, to whom there is no condemnation"
1485,"887","Three Sermons by George Goundril"
1486,"4068","Three(?) Addresses to the Continental Army"
1487,"1025","Through a Glass Darkly"
1488,"1672","Through him we both have an Access by one Spirit unto the Father"
1489,"833","Thy Kingdom come"
1490,"2117","Thy kingdom come"
1491,"2118","Thy will be done"
1492,"675","Thy will be done on earth as it is in heaven"
1493,"1002","To Whom is the Cup in the Sacrament a Cup of Blessing?"
1494,"874","Together in Unity"
1495,"57","Torments of Hell, On the"
1496,"430","Torments of Hell, On the"
1497,"371","Transfiguration, On the"
1498,"879","transitoriness of life, On the"
1499,"1943 ","Tribulation of the world "
1500,"918","True and righteous believers"
1501,"381","True church, On the one"
1502,"1787","True faith in Christ, On"
1503,"783","True Honour of Man, On the"
1504,"235q","True religion, On"
1505,"1701","Truly God is good"
1506,"1765","Trust in God, On our"
1507,"3107","Trusting in the Lord, On"
1508,"133","Truth"
1509,"148","Truth of religion, On the"
1510,"2126","Truth of Revelation, The"
1511,"1852","Truth of the Old Testament"
1512,"1814","Truth of the Scriptures of the New Testament, The"
1513,"2162","Turning from sin to newness of life"
1514,"723","Two Sermons"
1515,"991","Two sermons and a charge to two newly ordained ministers"
1516,"876","Two Sermons by Edward Gantt"
1517,"883","Two Sermons by George Goundril"
1518,"751","Two Sermons by John Coleman"
1519,"793","Two Sermons by John Coleman"
1520,"796","Two Sermons by John Coleman"
1521,"790","Two Sermons by John Coleman (Acc. 790)"
1522,"947","Two Sermons on the Death of Elder Lewis Lunsford"
1523,"1662","Two sermons undivided from Isai 44 Ch 3d vs"
1524,"1657","Two sermons undivided from Jer 3d Ch 19"
1525,"1661","Two sermons undivided from Lev 10 Ch 3d vs"
1526,"799","Two Sermons [by John Coleman]"
1527,"802","Two Sermons [by John Coleman]"
1528,"904","Two Sermons [by Robert Preade (Read?)]"
1529,"124","Uncertainty of existence, On the"
1530,"2138","Uncertainty of life, & suddenness of death, The"
1531,"355","Unclean thoughts, On"
1532,"4062","Unfit for Heaven"
1533,"2057","Unity"
1534,"1904","Unity of God, The"
1535,"1911","Universal Love & Charity"
1536,"1757","Unsearchable Wisdom of God, in his dealings with men, On the"
1537,"940","Unstable as Water thou shalt not excell"
1538,"2133","Untitled"
1539,"912","Untitled Ms. Sermons 1686 and 1707"
1540,"294","Unworthy communion, On"
1541,"1985 ","Upright poor man & the perverse rich one "
1542,"2039 ","Use and abuse of the World, The"
1543,"3","Use of time, On the"
1544,"52","Use of time, On the"
1545,"104","Use of time, On the"
1546,"288","Use of time, On the"
1547,"1682","Vanity of human Life"
1548,"172","Vanity, On"
1549,"176","Vanity, On"
1550,"287","Venial Sin, Of"
1551,"123","Venial sin, On"
1552,"1866","Veracity of God, On the"
1553,"417","Vice of Ingratitude, On the"
1554,"3050","Vine and Its Branches, On the"
1555,"40","Virgin Mary, On the"
1556,"2102","Visionary schemes of happiness, On"
1557,"2166","Visitation of the third District, For the"
1558,"2167","Visitation-sermon"
1559,"460","Vocation to Sanctity, On our"
1560,"1725","Wait for the Hope of Righteousness by Faith"
1561,"1996 ","Waiting patiently, till the change come "
1562,"671","Walk in the Spirit"
1563,"2050 ","Walking circumspectly "
1564,"3119","Walking Circumspectly in Evil Days, On"
1565,"934u","Walking Circumspectly, Of"
1566,"1845","Walking with God, On"
1567,"1917","Walking worthy of ye Lord unto all pleasing"
1568,"884","Way of Peace, The"
1569,"898","We also are compassed about with so great a cloud of witnesses"
1570,"801","We are ambassadors for Xt."
1571,"920","We must all appear before the Judgment Seat of Christ"
1572,"1715","We must all appear before the Judgment-Seat of Xt."
1573,"824","We preach not ourselves, but Christ Jesus"
1574,"825","We preach not ourselves, but Christ Jesus"
1575,"806","We preach not ourselves, but Xt Jesus"
1576,"807","We preach not ourselves, but Xt Jesus"
1577,"808","We preach not ourselves, but Xt Jesus"
1578,"1727","We Preach Xt. crucified"
1579,"873","We speak not as pleasing Men, but God"
1580,"1734","We will serve the Lord"
1581,"835","Wealth"
1582,"747","Wealth, On"
1583,"2207","Wealth, On"
1584,"3099","Wealth, On"
1585,"739","Wedding Sermon"
1586,"795","What is a man profited if he shall gain the whole world"
1587,"814","What is a man profited?"
1588,"968","What is to be done for the inheritance of eternal life, On"
1589,"1718","What manner of Persons ought we to be"
1590,"1687","Whatsoever ye would that Men should do to you, do ye even so to them"
1591,"1706","When I have [a] convenient season, I will call for thee"
1592,"1724","When the fulness of the Time was come, God sent forth h[is] Son"
1593,"811","When the unclean spirit is gone out of a man"
1594,"752","While ye Child was yet alive"
1595,"240","Whipping & thorns"
1596,"1758","Whitsunday, For"
1597,"1843","Whitsunday, For"
1598,"1945 ","Whitsunday, For "
1599,"2034 ","Whitsunday, For "
1600,"2109","Whitsunday, For"
1601,"2143","Whitsunday, For"
1602,"1711","Who gave Jacob for a Spoil, & Israel to the Robbers?"
1603,"2093","Whole armour of God, The"
1604,"2195","Wicked presume upon their Impunity"
1605,"2110","Wickedness and destruction of the old world, On the"
1606,"2125","Wickedness its own Punishment"
1607,"2203","Wickedness of Christians no proof against Christianity, The"
1608,"3129","Wilkinson, John, sermons"
1609,"895","Wine & Milk without Money & without Price"
1610,"810","Wisdom is justified of all his children"
1611,"934s","Wisdom of fearing God, The"
1612,"1766","Wisdom of God, On the"
1613,"3071","Wisdom's Happiness and Sin's Misery"
1614,"655","Wisdom, Money, and Knowledge"
1615,"878","wise Son maketh a glad father, A"
1616,"1675","Without me ye can do nothing"
1617,"789","Wonderful Compassions of Christ to the greatest Sinners, The"
1618,"102","Word of God, On the"
1619,"221","Word of God, On the"
1620,"307","Word of God, On the"
1621,"347","Word of God, On the"
1622,"389","Word of God, On the"
1623,"654","Words of Eternal Life, The"
1624,"948","Work of Christ, For the"
1625,"1729","Work out your own Salvation"
1626,"890","Work out your own Salvation with Fear and Trembling"
1627,"1938 ","Working "
1628,"1912","Working with Fear & Trembling"
1629,"257","Works in sin, Of"
1630,"3124","Works of Christ, On the"
1631,"227","Worldliness, On"
1632,"286","Worldliness, On"
1633,"4024","Worldliness, On"
1634,"2033 ","Worldly wisdom spiritually improved "
1635,"99","Worship in spirit and truth, On "
1636,"3065","Worship, On"
1637,"4006","Worthiness of Heavenly Glory"
1638,"819","wrongful actions of nations, On the"
1639,"727","Ye cannot serve God & Mammon"
1640,"889","Ye shall not swear by my Name falsely"
1641,"1666","Ye should do as I have done to you"
1642,"1928 ","Yoke of Christ easy, The "
1643,"1686","Your labor is not in vain in the Lord"
1644,"1741","Youth on being Sober-minded, To"
1645,"4025","Youth Reminded of A Judgment to Come"
1646,"2206","Zeal not according to knowledge, Of"
1647,"4039","[Prayer and Justification, On]"
